,block,cpu,ib,ib_ext,ib_sw,intel_hsw,intel_hsw_cbo,intel_hsw_hau,intel_hsw_imc,intel_hsw_pcu,intel_hsw_qpi,intel_hsw_r2pci,intel_rapl,mem,net,nfs,numa,proc,ps,sysv_shm,tmpfs,vfs,vm
High,26483787.0,171427.0,15356.0,10543632.0,26227270.0,3974555842785.0,1447721694705.0,8980305588268.0,455522546.0,2481950179.0,1109762083.0,4482427293584.0,8587915216.0,8659742464.0,3149702.0,0.0,1203585.0,,602868.0,0.0,65980418.0,8647.0,16682184.0
Low,0.0,171426.0,15356.0,10543632.0,26227270.0,3865232579279.0,1318725659384.0,8978519441066.0,345947860.0,1047625319.0,826042384.0,4394036232874.0,8586444140.0,8656689920.0,329.0,0.0,1126761.0,,602868.0,0.0,65980418.0,8647.0,16682184.0
Overall Average,13258053.25,171426.95833333334,15356.0,10543632.0,26227270.0,3921461298994.375,1364834571061.125,8979398785564.0,391732484.875,1764787749.0,998364134.75,4438231763229.0,8587179678.0,8658216192.0,1129662.8,0.0,1165173.0,,602868.0,0.0,65980418.0,8647.0,16682184.0
Standard Deviation,9375119.790082214,0.19982631347136331,0.0,0.0,0.0,28748842022.70293,47428973202.78267,878631588.780012,34320084.04917524,717162430.0,105422038.5354096,44195530355.0,735538.0,1526272.0,1106399.865583036,0.0,38412.0,,0.0,0.0,0.0,0.0,0.0
