,block,cpu,ib,ib_ext,ib_sw,intel_hsw,intel_hsw_cbo,intel_hsw_hau,intel_hsw_imc,intel_hsw_pcu,intel_hsw_qpi,intel_hsw_r2pci,intel_rapl,mem,net,nfs,numa,proc,ps,sysv_shm,tmpfs,vfs,vm
High,85399963.0,588254.0,246175091.0,740588091850.0,1846326877850.0,293476357361715.0,282552263499411.0,299100443293658.0,225396958101355.0,95998731790678.0,211617376782456.0,21855836459680.0,32878995106.0,8701059328.0,49115111.0,0.0,1454919.0,,2121631.0,0.0,66635782.0,10074.0,46256001.0
Low,0.0,588248.0,246175091.0,740588091850.0,1846326877850.0,293054719379162.0,282140684986257.0,297774858082465.0,225372832706186.0,94153368578733.0,211599737462073.0,21707569252734.0,32857620937.0,8695180032.0,370016.0,0.0,1281533.0,,2121631.0,0.0,66635782.0,10074.0,46256001.0
Overall Average,42719781.0,588251.8333333334,246175091.0,740588091850.0,1846326877850.0,293174100518792.6,282276919744786.44,298437443960366.25,225384693951123.75,95076050184705.5,211608779102893.5,21781702856207.0,32868308021.5,8698119680.0,16064728.4,0.0,1368226.0,,2121631.0,0.0,66635782.0,10074.0,46256001.0
Standard Deviation,30308629.114332646,1.4337208778404378,0.0,0.0,0.0,137745699800.72235,90661634501.4912,662504896428.9393,10885639133.882456,922681605972.5,7818056926.942121,74133603473.0,10687084.5,2939648.0,17785598.723189082,0.0,86693.0,,0.0,0.0,0.0,0.0,0.0
