,block,cpu,ib,ib_ext,ib_sw,intel_hsw,intel_hsw_cbo,intel_hsw_hau,intel_hsw_imc,intel_hsw_pcu,intel_hsw_qpi,intel_hsw_r2pci,intel_rapl,mem,net,nfs,numa,proc,ps,sysv_shm,tmpfs,vfs,vm
High,31817951.0,85710.0,0.0,369843454469.0,633098079987.0,3115357164927.0,80305753088.0,4517725647054.0,19189456386.0,386057090892.0,81012062019.0,604799334772.0,4305843406.0,8745006592.0,140289634.0,131.0,31153514.0,1662699.0,700828.0,0.0,13.0,231792.0,42735693.0
Low,0.0,85697.0,0.0,369843454469.0,633098079987.0,2699627114531.0,73758475442.0,4178682590775.0,17195718956.0,62772173371.0,63753501923.0,530979227980.0,2958332378.0,8738720000.0,79512.0,0.0,29400589.0,126636.0,700828.0,0.0,13.0,231792.0,42735693.0
Overall Average,15910918.75,85708.29166666667,0.0,369843454469.0,633098079987.0,3019040855283.2915,76530212075.875,4348136578908.25,18218173461.625,224414632131.5,72671371595.75,567889281376.0,3632087892.0,8741863296.0,28436555.2,87.0,30277051.5,369147.16949152545,700828.0,0.0,13.0,231792.0,42735693.0
Standard Deviation,11251162.273561817,2.5409835147482207,0.0,0.0,0.0,98063328732.51802,1620905377.2460892,169358218312.98868,849156315.1712343,161642458760.5,8006253150.946394,36910053396.0,673755514.0,3143296.0,55927073.85412764,61.51964455900787,876462.5,426957.90497187333,0.0,0.0,0.0,0.0,0.0
