,block,cpu,ib,ib_ext,ib_sw,intel_hsw,intel_hsw_cbo,intel_hsw_hau,intel_hsw_imc,intel_hsw_pcu,intel_hsw_qpi,intel_hsw_r2pci,intel_rapl,mem,net,nfs,numa,proc,ps,sysv_shm,tmpfs,vfs,vm
High,19848413.0,42847.0,19118784.0,61901219262.0,154601817240.0,1148158526505.0,705868756316.0,2152856499362.0,58790654357.0,273248934182.0,145628902722.0,1681396290451.0,2835123104.0,8862844160.0,1414670.0,0.0,2214356.0,,2580125.0,0.0,66729990.0,9031.0,12490821.0
Low,0.0,42833.0,19118784.0,61901219262.0,154601817240.0,1104458900721.0,627170737684.0,2105180619386.0,52828461067.0,272507294511.0,142485766203.0,1649363320855.0,1492383736.0,8849933568.0,45536.0,0.0,2091841.0,,2580125.0,0.0,66729990.0,9031.0,12490821.0
Overall Average,9940163.25,42844.25,19118784.0,61901219262.0,154601817240.0,1128939946682.0833,663271911959.4584,2129019587364.25,55811598552.875,272878114346.5,144089270974.5,1665379805653.0,2163753420.0,8856388864.0,470418.0,0.0,2153098.5,,2580125.0,0.0,66729990.0,9031.0,12490821.0
Standard Deviation,7056118.684455087,3.003470215156683,0.0,0.0,0.0,9899071619.196188,24605885727.283173,23835666668.338753,2964289381.2569795,370819835.5,1393611285.1051726,16016484798.0,671369684.0,6455296.0,486743.9388458782,0.0,61257.5,,0.0,0.0,0.0,0.0,0.0
