,block,cpu,ib,ib_ext,ib_sw,intel_hsw,intel_hsw_cbo,intel_hsw_hau,intel_hsw_imc,intel_hsw_pcu,intel_hsw_qpi,intel_hsw_r2pci,intel_rapl,mem,net,nfs,numa,proc,ps,sysv_shm,tmpfs,vfs,vm
High,305086925.0,25714.0,0.0,605175937.0,1512361202.0,1057075989856.0,93462384027.0,1502286554956.0,85798652955.0,9642220790.0,150112598614.0,968378933736.0,1449020425.0,12628867840.0,259421988.0,0.0,1391251.0,1455514.0,260567.0,0.0,0.0,38734.0,319558334.0
Low,0.0,25707.0,0.0,605175937.0,1512361202.0,569455448930.0,59467527090.0,1498817226078.0,79740820394.0,3988745526.0,150076981151.0,873311603438.0,1444702619.0,11850926592.0,386.0,0.0,697943.0,49812.0,260567.0,0.0,0.0,38734.0,319558334.0
Overall Average,153071544.75,25713.291666666668,0.0,605175937.0,1512361202.0,632738111829.6666,76621684657.58333,1500554545579.75,82708941523.0,6815483158.0,150097756720.0,920845268587.0,1446861522.0,12239897216.0,52041351.4,0.0,1044597.0,436637.6923076923,260567.0,0.0,0.0,38734.0,319558334.0
Standard Deviation,151394119.61687088,1.5405401289446792,0.0,0.0,0.0,93996527190.3423,10427359673.172403,1727798010.3656368,2601810310.372045,2826737632.0,13023343.19734332,47533665149.0,2158903.0,388970624.0,103690442.13699582,0.0,346654.0,385754.90780962596,0.0,0.0,0.0,0.0,0.0
