,block,cpu,ib,ib_ext,ib_sw,intel_hsw,intel_hsw_cbo,intel_hsw_hau,intel_hsw_imc,intel_hsw_pcu,intel_hsw_qpi,intel_hsw_r2pci,intel_rapl,mem,net,nfs,numa,proc,ps,sysv_shm,tmpfs,vfs,vm
High,23194290.0,204490.0,0.0,10248898.0,25524724.0,281490747058925.0,281475203676080.0,284398076932765.0,225180113512280.0,99810341872142.0,211106331336499.0,17593548890184.0,2859154175.0,8612972544.0,3762117.0,0.0,454431.0,1306737.0,638756.0,0.0,0.0,10558.0,12642904.0
Low,0.0,204255.0,0.0,10248898.0,25524724.0,281475415414506.0,281475024236515.0,284360769219658.0,225180086510587.0,99764261623761.0,211106309927070.0,17593144612044.0,2858701125.0,8576520448.0,414.0,0.0,364269.0,1121276.0,638756.0,0.0,0.0,10558.0,12642904.0
Overall Average,11615779.75,204417.25,0.0,10248898.0,25524724.0,281478466786059.56,281475079647165.9,284379423271408.0,225180099972830.25,99787301747951.5,211106320996672.25,17593346751114.0,2858927650.0,8594746496.0,1253959.6,0.0,409350.0,1187607.25,638756.0,0.0,0.0,10558.0,12642904.0
Standard Deviation,8246328.854738403,48.206370602511306,0.0,0.0,0.0,4261614475.952592,47091942.266707085,18653645955.210136,9523252.558725297,23040124190.5,9025759.789522165,202139070.0,226525.0,18226048.0,1360647.1879294205,0.0,45081.0,75051.14709441489,0.0,0.0,0.0,0.0,0.0
