,block,cpu,ib,ib_ext,ib_sw,intel_hsw,intel_hsw_cbo,intel_hsw_hau,intel_hsw_imc,intel_hsw_pcu,intel_hsw_qpi,intel_hsw_r2pci,intel_rapl,mem,net,nfs,numa,proc,ps,sysv_shm,tmpfs,vfs,vm
High,8288534.0,34283.0,0.0,5864580709.0,14656491942.0,1053723381768.0,52333983524.0,1805915200694.0,6759207509.0,810873912642.0,15752373352.0,407370452214.0,1460295133.0,15420050176.0,2511509042.0,18386.0,8921423.0,1604235.0,2176807.0,0.0,0.0,37507.0,24084796.0
Low,0.0,33823.0,0.0,5864580709.0,14656491942.0,10347289894.0,16153873002.0,1781071383284.0,4148175839.0,14505461486.0,15544378273.0,199642484188.0,1416160921.0,9917102592.0,185.0,0.0,95041.0,34563.0,2176807.0,0.0,0.0,37507.0,24084796.0
Overall Average,4161284.5,34248.708333333336,0.0,5864580709.0,14656491942.0,690345027078.625,34109098024.833332,1793493296792.75,5460333215.875,412689687064.0,15660362363.25,303506468201.0,1438228027.0,12668576384.0,502392495.6,6137.0,4508232.0,324036.89361702127,2176807.0,0.0,0.0,37507.0,24084796.0
Standard Deviation,2940861.493502074,92.6159089855637,0.0,0.0,0.0,396575331217.9552,9889174137.057434,12420283426.104267,1291638437.8171935,398184225578.0,77013433.59626406,103863984013.0,22067106.0,2751473792.0,1004558276.7687747,8661.35697605558,4413191.0,368395.48407287314,0.0,0.0,0.0,0.0,0.0
