,block,cpu,ib,ib_ext,ib_sw,intel_hsw,intel_hsw_cbo,intel_hsw_hau,intel_hsw_imc,intel_hsw_pcu,intel_hsw_qpi,intel_hsw_r2pci,intel_rapl,mem,net,nfs,numa,proc,ps,sysv_shm,tmpfs,vfs,vm
High,200055809.0,162847.0,0.0,27022204.0,67447619.0,5484379232982.0,2076923256494.0,9685608054210.0,569776340053.0,3111863524347.0,600814616811.0,5130374628421.0,7251346885.0,9068149504.0,7555159.0,30337.0,5662067.0,2774766.0,19420852.0,0.0,0.0,74527.0,214680757.0
Low,0.0,162086.0,0.0,27022204.0,67447619.0,8235958319.0,624577419460.0,8558051871470.0,11444146059.0,1866296343395.0,524545580442.0,3907179186674.0,5679179649.0,8991402496.0,54149.0,0.0,5233506.0,37359.0,19420852.0,0.0,0.0,74527.0,214680757.0
Overall Average,102579723.5,162636.5,0.0,27022204.0,67447619.0,2122451525121.125,1276757689699.25,9121831376507.75,290432726619.625,2489079933871.0,562697440924.25,4518776907547.5,6465263267.0,9029776000.0,2581263.2,5465.142857142857,5447786.5,521141.8813559322,19420852.0,0.0,0.0,74527.0,214680757.0
Standard Deviation,96488990.4568825,262.0017493580275,0.0,0.0,0.0,1384287667817.685,630372608349.0093,563775257479.1449,278962993184.44464,622783590476.0,38053645297.52244,611597720873.5,786083618.0,38373504.0,2724835.0680484422,10297.117327937278,214280.5,680523.4078053097,0.0,0.0,0.0,0.0,0.0
