,block,cpu,ib,ib_ext,ib_sw,intel_hsw,intel_hsw_cbo,intel_hsw_hau,intel_hsw_imc,intel_hsw_pcu,intel_hsw_qpi,intel_hsw_r2pci,intel_rapl,mem,net,nfs,numa,proc,ps,sysv_shm,tmpfs,vfs,vm
High,7469511.0,42852.0,0.0,122475318.0,305793492.0,1014943797328.0,408486862005.0,2321641773614.0,39320745066.0,61381103844.0,229787081597.0,1630433238348.0,2847927999.0,11279205120.0,50738488.0,164939.0,2008681.0,1658344.0,866863.0,0.0,65751042.0,20803.0,5243774.0
Low,0.0,42848.0,0.0,122475318.0,305793492.0,995614865160.0,363301048540.0,2301279803228.0,35283414165.0,30629072994.0,214736822547.0,1615781743529.0,1492205898.0,11255276544.0,53801.0,56443.0,1978519.0,673125.0,866863.0,0.0,65751042.0,20803.0,5243774.0
Overall Average,3749845.0,42850.208333333336,0.0,122475318.0,305793492.0,1006694771008.5,383066182895.1667,2311462327983.0,37316065891.375,46005088419.0,222293136808.0,1623107490938.5,2170066948.5,11267240832.0,10963111.8,128773.66666666667,1993600.0,845464.21875,866863.0,0.0,65751042.0,20803.0,5243774.0
Standard Deviation,2642418.311178323,1.2240359017973652,0.0,0.0,0.0,4127100125.844253,13679885090.141964,10166701265.61794,1965710411.2276728,15376015425.0,7388456880.716381,7325747409.5,677861050.5,11964288.0,19894310.480310574,51145.50488774377,15081.0,256421.86315995152,0.0,0.0,0.0,0.0,0.0
