,block,cpu,ib,ib_ext,ib_sw,intel_hsw,intel_hsw_cbo,intel_hsw_hau,intel_hsw_imc,intel_hsw_pcu,intel_hsw_qpi,intel_hsw_r2pci,intel_rapl,mem,net,nfs,numa,proc,ps,sysv_shm,tmpfs,vfs,vm
High,7994170.0,34284.0,0.0,127238646.0,317707896.0,777990148739.0,433590454689.0,1820435586276.0,57797547564.0,319511227014.0,355227176452.0,1521077717144.0,2820885414.0,12365900544.0,52913765.0,165461.0,2683325.0,,824207.0,0.0,65751042.0,9518.0,5872072.0
Low,0.0,34279.0,0.0,127238646.0,317707896.0,755390926408.0,381268245355.0,1764508070496.0,52789506561.0,316138254430.0,348775726482.0,1459508095461.0,1479285528.0,12319523840.0,14140.0,0.0,2644764.0,,824207.0,0.0,65751042.0,9518.0,5872072.0
Overall Average,4014100.25,34280.208333333336,0.0,127238646.0,317707896.0,767158273948.4166,406997333676.125,1792468372087.25,55282314026.75,317824740722.0,351993996912.75,1490292906302.5,2150085471.0,12342712192.0,11193024.8,41367.75,2664044.5,,824207.0,0.0,65751042.0,9518.0,5872072.0
Standard Deviation,2830065.5943013383,1.442774141098399,0.0,0.0,0.0,6455051317.880596,15016549546.011955,27955401106.907036,2466712953.0031123,1686486292.0,3073290961.8151636,30784810841.5,670799943.0,23188352.0,20864952.28085318,71645.27140842933,19280.5,,0.0,0.0,0.0,0.0,0.0
