,block,cpu,ib,ib_ext,ib_sw,intel_hsw,intel_hsw_cbo,intel_hsw_hau,intel_hsw_imc,intel_hsw_pcu,intel_hsw_qpi,intel_hsw_r2pci,intel_rapl,mem,net,nfs,numa,proc,ps,sysv_shm,tmpfs,vfs,vm
High,46143959.0,197148.0,0.0,1903915618623.0,4755801229728.0,6082174353438.0,610666473190.0,10344908271382.0,32558167499.0,90141011286.0,229003733897.0,2791276891386.0,11412282851.0,8658432256.0,4131041.0,166972.0,631533.0,1473392.0,691079.0,0.0,65751042.0,10547.0,25061106.0
Low,0.0,197135.0,0.0,1903915618623.0,4755801229728.0,5700073438170.0,536449066596.0,10290434421283.0,8388546509.0,76679153154.0,165528857660.0,2432962017716.0,10019693884.0,8631176192.0,7569.0,0.0,393340.0,75697.0,691079.0,0.0,65751042.0,10547.0,25061106.0
Overall Average,23090694.5,197144.83333333334,0.0,1903915618623.0,4755801229728.0,5949796512513.125,568770064637.125,10317710664366.5,20482676543.25,83410082220.0,201207933311.0,2612119454551.0,10715988367.5,8644804224.0,1808995.2,83486.0,512436.5,311314.6551724138,691079.0,0.0,65751042.0,10547.0,25061106.0
Standard Deviation,16485765.257689472,3.7490739597339977,0.0,0.0,0.0,109084356610.66847,18320134846.052605,27174756003.089252,11959459277.71053,6730929066.0,27200047748.452953,179157436835.0,696294483.5,13628032.0,1571591.083702424,83486.0,119096.5,431210.1487934078,0.0,0.0,0.0,0.0,0.0
