,block,cpu,ib,ib_ext,ib_sw,intel_hsw,intel_hsw_cbo,intel_hsw_hau,intel_hsw_imc,intel_hsw_pcu,intel_hsw_qpi,intel_hsw_r2pci,intel_rapl,mem,net,nfs,numa,proc,ps,sysv_shm,tmpfs,vfs,vm
High,88527792.0,162853.0,192559.0,859535924.0,2147647494.0,11369098357547.0,55605380653.0,8613691591348.0,25213063318.0,320028715680.0,101610071287.0,520782453359.0,4320791318.0,9606848000.0,326462801.0,1.790946026573745e+17,1422158.0,35047622.0,1457298059.0,0.0,502321156.0,36238.0,47505964.0
Low,0.0,162535.0,192559.0,859535924.0,2147647494.0,12865406539.0,14559019107.0,8584979554869.0,12561951340.0,210519136792.0,66156954618.0,483240199160.0,4311922176.0,9479052288.0,30274.0,0.0,991554.0,35027.0,1457298059.0,0.0,502321156.0,36238.0,47505964.0
Overall Average,44263896.0,162748.125,192559.0,859535924.0,2147647494.0,1760523366805.4167,28718720395.166668,8599931283977.25,18827273028.875,265273926236.0,82734464917.0,502011326259.5,4316356747.0,9542950144.0,91096513.25,8.954730132868725e+16,1206856.0,4060250.193548387,1457298059.0,0.0,502321156.0,36238.0,47505964.0
Standard Deviation,44263896.0,78.71907461558052,0.0,0.0,0.0,3894811928777.1616,10489191845.907507,13146831810.537617,4709766884.064608,54754789444.0,15818822249.067434,18771127099.5,4434571.0,63897856.0,136683367.98558044,8.954730132868725e+16,215302.0,10985880.31757034,0.0,0.0,0.0,0.0,0.0
