,block,cpu,ib,ib_ext,ib_sw,intel_hsw,intel_hsw_cbo,intel_hsw_hau,intel_hsw_imc,intel_hsw_pcu,intel_hsw_qpi,intel_hsw_r2pci,intel_rapl,mem,net,nfs,numa,proc,ps,sysv_shm,tmpfs,vfs,vm
High,86938023.0,531458.0,0.0,21849464275.0,54590532520.0,11100455345495.0,23734970695442.0,30344800705848.0,3882250643390.0,5321865395062.0,7243415122324.0,37741325019038.0,40105320921.0,9230788864.0,16522012.0,2230384.0,1802347.0,1631859.0,1995636.0,0.0,42637313.0,15631.0,47224948.0
Low,93.0,531453.0,0.0,21849464275.0,54590532520.0,10538405930236.0,19946577769406.0,29044168108766.0,3861619182521.0,4345130632673.0,7226503316176.0,37157420727960.0,40103478221.0,9172734720.0,0.0,0.0,942152.0,408585.0,1995636.0,0.0,42637313.0,15631.0,47224948.0
Overall Average,43487350.0,531457.3333333334,0.0,21849464275.0,54590532520.0,10818457010286.166,21626377602729.25,29694535546832.5,3869858422122.875,4833498013867.5,7234816751045.25,37449372873499.0,40104399571.0,9201761792.0,5913605.333333333,373707.6666666667,1372249.5,679450.3235294118,1995636.0,0.0,42637313.0,15631.0,47224948.0
Standard Deviation,30839460.25585815,1.3437096247164249,0.0,0.0,0.0,240965254473.3777,1058134518917.6035,650052236834.2505,7406223113.969148,488367381194.5,7872936781.7491865,291952145539.0,921350.0,29027072.0,6276315.5384719595,830334.95653916,430097.5,367946.8032718637,0.0,0.0,0.0,0.0,0.0
