,block,cpu,ib,ib_ext,ib_sw,intel_hsw,intel_hsw_cbo,intel_hsw_hau,intel_hsw_imc,intel_hsw_pcu,intel_hsw_qpi,intel_hsw_r2pci,intel_rapl,mem,net,nfs,numa,proc,ps,sysv_shm,tmpfs,vfs,vm
High,8446207834.0,77126.0,0.0,56391512.0,140862714.0,2661754712549.0,572455888307.0,4097858328857.0,30819894498.0,12579066853.0,126267902767.0,1013999192050.0,4263125994.0,8799198976.0,23652600.0,992733.0,31597055.0,1405507.0,9931737.0,0.0,0.0,14448.0,8881669394.0
Low,0.0,77099.0,0.0,56391512.0,140862714.0,2501758693182.0,145543914230.0,4089126994840.0,24095012350.0,10188491212.0,118399702235.0,1000889165771.0,2913387632.0,8757310720.0,155.0,0.0,27245263.0,1121277.0,9931737.0,0.0,0.0,14448.0,8881669394.0
Overall Average,4224387643.75,77113.58333333333,0.0,56391512.0,140862714.0,2597106273844.7085,201696100818.04166,4094521496086.25,27844340112.875,11383779032.5,121824910305.0,1007444178910.5,3588256813.0,8778254848.0,4920466.4,202986.6,29421159.0,1221438.6336088155,9931737.0,0.0,0.0,14448.0,8881669394.0
Standard Deviation,4221196302.7711496,6.927702040038641,0.0,0.0,0.0,41662215741.77219,108577883441.65904,3514216705.5377045,2907811625.770754,1195287820.5,2874721518.317863,6555013139.5,674869181.0,20944128.0,9367644.90502262,394901.59110269486,2175896.0,30119.88399612684,0.0,0.0,0.0,0.0,0.0
