,block,cpu,ib,ib_ext,ib_sw,intel_hsw,intel_hsw_cbo,intel_hsw_hau,intel_hsw_imc,intel_hsw_pcu,intel_hsw_qpi,intel_hsw_r2pci,intel_rapl,mem,net,nfs,numa,proc,ps,sysv_shm,tmpfs,vfs,vm
High,9428805.0,85713.0,0.0,53282843.0,133122000.0,2919253141807.0,463970674459.0,4184835980816.0,46384250165.0,439366322215.0,191452761331.0,1105616159911.0,5657754376.0,8674473728.0,22287062.0,165126.0,381143.0,1500404.0,321769.0,0.0,66023426.0,30072.0,5192650.0
Low,0.0,85705.0,0.0,53282843.0,133122000.0,2744535579554.0,232509865496.0,4129532828898.0,15534318953.0,413165770980.0,117528448197.0,1084641345786.0,2971339432.0,8632912640.0,102959.0,0.0,137485.0,70170.0,321769.0,0.0,66023426.0,30072.0,5192650.0
Overall Average,4714508.25,85712.16666666667,0.0,53282843.0,133122000.0,2844159786907.8335,336482450343.5,4157165413571.0,30939219462.0,426266046597.5,156380828014.25,1095128752848.5,4314546904.0,8653693184.0,4992090.2,55042.0,259314.0,391562.375,321769.0,0.0,66023426.0,30072.0,5192650.0
Standard Deviation,3333678.9247314576,1.699673171197595,0.0,0.0,0.0,52687194132.50034,89392661396.93802,27623965606.91364,15392850941.289835,13100275617.5,35081283526.52354,10487407062.5,1343207472.0,20780544.0,8660627.877430975,77841.1429001399,121829.0,484010.5263195955,0.0,0.0,0.0,0.0,0.0
