,block,cpu,ib,ib_ext,ib_sw,intel_hsw,intel_hsw_cbo,intel_hsw_hau,intel_hsw_imc,intel_hsw_pcu,intel_hsw_qpi,intel_hsw_r2pci,intel_rapl,mem,net,nfs,numa,proc,ps,sysv_shm,tmpfs,vfs,vm
High,978036826.0,51422.0,0.0,205262759.0,512958710.0,1994443629118.0,338587243957.0,2741497263202.0,19983276495.0,1266319736383.0,80806724703.0,1259731091424.0,2840641890.0,8662924800.0,87508211.0,33656484.0,36529330.0,2801576.0,680661.0,0.0,0.0,20172.0,1031938474.0
Low,0.0,51321.0,0.0,205262759.0,512958710.0,5807284921.0,309203008843.0,2727304155550.0,14632716576.0,341580915955.0,67687715920.0,1252317332706.0,2831026437.0,8638961408.0,90.0,4201.0,32986033.0,1121277.0,680661.0,0.0,0.0,20172.0,1031938474.0
Overall Average,487398364.5,51410.208333333336,0.0,205262759.0,512958710.0,1334354656923.3333,322890217341.875,2734396193922.0,17304122657.375,803950326169.0,74407669715.0,1256024212065.0,2835834163.5,8650943104.0,17619091.4,16830342.5,34757681.5,1830746.1666666667,680661.0,0.0,0.0,20172.0,1031938474.0
Standard Deviation,465132829.63016754,20.21752368340121,0.0,0.0,0.0,703523902706.7162,8498373579.218181,7089786254.400061,2664821478.6178365,462369410214.0,6337878293.451003,3706879359.0,4807726.5,11981696.0,34944772.794057146,16826141.5,1771648.5,664567.7686179233,0.0,0.0,0.0,0.0,0.0
