,block,cpu,ib,ib_ext,ib_sw,intel_hsw,intel_hsw_cbo,intel_hsw_hau,intel_hsw_imc,intel_hsw_pcu,intel_hsw_qpi,intel_hsw_r2pci,intel_rapl,mem,net,nfs,numa,proc,ps,sysv_shm,tmpfs,vfs,vm
High,51039662.0,308584.0,0.0,3984908802.0,9955830374.0,7006331107023.0,13608775934051.0,17800338251462.0,2266398490479.0,3171271608112.0,4187522033605.0,22680703789140.0,24280100840.0,9433640960.0,11552479.0,1935745.0,2003262.0,1577201.0,1140749.0,0.0,50556929.0,9048.0,31103168.0
Low,0.0,308583.0,0.0,3984908802.0,9955830374.0,6272263838756.0,11777407241130.0,17269505979950.0,2179982567513.0,2186794254355.0,4176590278044.0,22454967882327.0,22923855401.0,9386249728.0,0.0,49.0,2001373.0,474025.0,1140749.0,0.0,50556929.0,9048.0,31103168.0
Overall Average,25535982.5,308583.9583333333,0.0,3984908802.0,9955830374.0,6560426873423.25,12508412348090.125,17535016233153.5,2221441179576.5,2679032931233.5,4181963872252.5,22567835835733.5,23601978120.5,9409945344.0,4407468.833333333,813150.6,2002317.5,722961.1764705882,1140749.0,0.0,50556929.0,9048.0,31103168.0
Standard Deviation,18261781.96157606,0.19982631347136331,0.0,0.0,0.0,219827655722.02853,612793928812.7345,265289303044.5113,38959732977.770996,492238676878.5,5013415136.289716,112867953406.5,678122719.5,23695616.0,4572267.042498627,736111.0680427512,944.5,334418.47818049334,0.0,0.0,0.0,0.0,0.0
