,block,cpu,ib,ib_ext,ib_sw,intel_hsw,intel_hsw_cbo,intel_hsw_hau,intel_hsw_imc,intel_hsw_pcu,intel_hsw_qpi,intel_hsw_r2pci,intel_rapl,mem,net,nfs,numa,proc,ps,sysv_shm,tmpfs,vfs,vm
High,17767957.0,42857.0,0.0,7858810.0,19593418.0,7352144672.0,90640672.0,911759626843.0,73384840.0,1259492075834.0,46136033.0,738014872.0,1376001978.0,8618594560.0,2698509.0,1411231.0,174288.0,1469019.0,195172.0,0.0,49173.0,35097.0,9499036.0
Low,0.0,42821.0,0.0,7858810.0,19593418.0,99630231.0,32336194.0,907076847144.0,5440016.0,1251477439618.0,42774286.0,542125276.0,32427731.0,8616460800.0,61494.0,2418.0,130738.0,48068.0,195172.0,0.0,49173.0,35097.0,9499036.0
Overall Average,8899336.0,42845.916666666664,0.0,7858810.0,19593418.0,1626465221.6666667,58323198.75,909418382206.0,39397646.625,1255484757726.0,44105485.75,640070074.0,704214854.5,8617527680.0,722838.8,383932.0,152513.0,841466.425925926,195172.0,0.0,49173.0,35097.0,9499036.0
Standard Deviation,6282159.548970203,9.438028866711994,0.0,0.0,0.0,1926804438.8165448,15563769.464825258,2341220469.631167,31537008.68905091,4007318108.0,1360474.213641033,97944798.0,671787123.5,1066880.0,992475.0233321543,595039.5493649981,21775.0,516175.8770770692,0.0,0.0,0.0,0.0,0.0
