,block,cpu,ib,ib_ext,ib_sw,intel_hsw,intel_hsw_cbo,intel_hsw_hau,intel_hsw_imc,intel_hsw_pcu,intel_hsw_qpi,intel_hsw_r2pci,intel_rapl,mem,net,nfs,numa,proc,ps,sysv_shm,tmpfs,vfs,vm
High,37588884.0,128567.0,0.0,605748155244.0,1511530494611.0,3714083128433.0,1202014195384.0,6323403585789.0,67584392780.0,503737650944.0,320318795878.0,3751159594769.0,8518205506.0,8789690624.0,13657246.0,8.954730132868714e+17,433191.0,1414677.0,586603.0,0.0,32487425.0,12201.0,20200421.0
Low,932.0,128565.0,0.0,605748155244.0,1511530494611.0,3436182678602.0,894779559554.0,6312795714543.0,47399731544.0,392154717995.0,219647979305.0,3304541921168.0,7155775486.0,8776662528.0,0.0,0.0,402122.0,187234.0,586603.0,0.0,32487425.0,12201.0,20200421.0
Overall Average,18830397.25,128566.41666666667,0.0,605748155244.0,1511530494611.0,3572599488603.4165,1044827101795.125,6318052251683.25,57306226410.625,447946184469.5,275573621113.75,3527850757968.5,7836990496.0,8783176576.0,4315477.833333333,1.279247161839907e+17,417656.5,515250.9705882353,586603.0,0.0,32487425.0,12201.0,20200421.0
Standard Deviation,13296871.009042453,0.6400954789890506,0.0,0.0,0.0,75029869567.888,120382358623.1696,5165592882.495876,9819602332.148132,55791466474.5,43626867994.578186,223308836800.5,681215010.0,6514048.0,4978389.432001124,3.133502801407003e+17,15534.5,448469.95938933926,0.0,0.0,0.0,0.0,0.0
