,block,cpu,ib,ib_ext,ib_sw,intel_hsw,intel_hsw_cbo,intel_hsw_hau,intel_hsw_imc,intel_hsw_pcu,intel_hsw_qpi,intel_hsw_r2pci,intel_rapl,mem,net,nfs,numa,proc,ps,sysv_shm,tmpfs,vfs,vm
High,464929724.0,25753.0,0.0,89232366.0,222895181.0,1007720850339.0,313062651282.0,1371990762450.0,11360959893.0,287905398028.0,32377620259.0,918553175379.0,1428315861.0,10057158912.0,37600109.0,522630.0,32425519.0,3240251.0,408591.0,0.0,0.0,39113.0,508514671.0
Low,0.0,25709.0,0.0,89232366.0,222895181.0,8776625719.0,261479954799.0,1206270804012.0,9461436294.0,17818510147.0,26427546185.0,849988309392.0,1426914142.0,9261820672.0,186.0,26.0,10843121.0,47979.0,408591.0,0.0,0.0,39113.0,508514671.0
Overall Average,232626462.75,25715.125,0.0,89232366.0,222895181.0,829779446945.125,284857035894.0,1289127112943.5,10409657926.375,152861954087.5,29419328682.0,884270742385.5,1427615001.5,9659489792.0,7587282.6,88431.66666666667,21634320.0,1101335.6615384615,408591.0,0.0,0.0,39113.0,508514671.0
Standard Deviation,232178074.89774638,10.66658528614789,0.0,0.0,0.0,283079057844.00525,17620981388.058464,82853589933.17543,921248321.0487679,135043443940.5,2947543102.0316806,34282432993.5,700859.5,397669120.0,15006544.688044127,194187.85553656254,10791199.0,1039589.1459255102,0.0,0.0,0.0,0.0,0.0
