,block,cpu,ib,ib_ext,ib_sw,intel_hsw,intel_hsw_cbo,intel_hsw_hau,intel_hsw_imc,intel_hsw_pcu,intel_hsw_qpi,intel_hsw_r2pci,intel_rapl,mem,net,nfs,numa,proc,ps,sysv_shm,tmpfs,vfs,vm
High,12697722.0,25716.0,0.0,6274076.0,15648544.0,14459023344.0,71236015.0,565628703841.0,42532386.0,752398247324.0,38831347.0,524418400.0,22198320.0,8610670848.0,2307927.0,17687.0,111089.0,1360832.0,137324.0,0.0,49173.0,16806.0,6785447.0
Low,0.0,25683.0,0.0,6274076.0,15648544.0,72445710.0,34926888.0,544034604425.0,5481110.0,745946564639.0,25139281.0,516109288.0,21749632.0,8607721472.0,56949.0,0.0,87648.0,48068.0,137324.0,0.0,49173.0,16806.0,6785447.0
Overall Average,6364208.0,25707.041666666668,0.0,6274076.0,15648544.0,1793708263.875,46919347.833333336,554831734614.75,24005324.625,749172405981.5,32175971.5,520263844.0,21973976.0,8609196160.0,565388.2,3957.8,99368.5,839547.2962962963,137324.0,0.0,49173.0,16806.0,6785447.0
Standard Deviation,4490010.27673629,7.897674587426915,0.0,0.0,0.0,3104550344.079779,9865050.166030241,10796951970.492342,16358993.19649811,3225841342.5,5932398.0937569635,4154556.0,224344.0,1474688.0,872330.9599190895,6893.459317352936,11720.5,513999.9372275373,0.0,0.0,0.0,0.0,0.0
