,block,cpu,ib,ib_ext,ib_sw,intel_hsw,intel_hsw_cbo,intel_hsw_hau,intel_hsw_imc,intel_hsw_pcu,intel_hsw_qpi,intel_hsw_r2pci,intel_rapl,mem,net,nfs,numa,proc,ps,sysv_shm,tmpfs,vfs,vm
High,640057384.0,152199.0,10040.0,13723688.0,34233098.0,283213608752549.0,282211429875936.0,283837856656772.0,225229044067570.0,94088125709716.0,211424109093871.0,19235842994668.0,7208262748.0,10086348032.0,5422719.0,11224.0,32066794.0,3677625.0,3496109.0,0.0,0.0,80359.0,692080237.0
Low,0.0,152052.0,10040.0,13723688.0,34233098.0,281477057781067.0,281632894030569.0,283486396005621.0,225181613235272.0,93873580028389.0,211231009301986.0,18675506623545.0,7155497549.0,9617986816.0,443.0,3.0,26333521.0,48249.0,3496109.0,0.0,0.0,80359.0,692080237.0
Overall Average,321542801.0,152150.04166666666,10040.0,13723688.0,34233098.0,282603308639828.06,281909619443232.94,283662132063122.5,225205319022162.88,93980852869052.5,211327556574989.0,18955674809106.5,7181880148.5,9852167424.0,1506262.6,4878.333333333333,29200157.5,1224410.32,3496109.0,0.0,0.0,80359.0,692080237.0
Standard Deviation,313676856.27891695,32.5480147457397,0.0,0.0,0.0,672530652751.1708,268367984173.47397,175720693238.50992,23685761802.6705,107272840663.5,96540961474.09726,280168185561.5,26382599.5,234180608.0,2008122.779880712,4697.454653556778,2866636.5,1211335.0123624997,0.0,0.0,0.0,0.0,0.0
