,block,cpu,ib,ib_ext,ib_sw,intel_hsw,intel_hsw_cbo,intel_hsw_hau,intel_hsw_imc,intel_hsw_pcu,intel_hsw_qpi,intel_hsw_r2pci,intel_rapl,mem,net,nfs,numa,proc,ps,sysv_shm,tmpfs,vfs,vm
High,12206096.0,60001.0,0.0,318706928987.0,796280304686.0,1888556581516.0,244899385708.0,3212401092432.0,35020726037.0,59489292577.0,98621103536.0,962276320888.0,4239875365.0,8703735808.0,12091904.0,639984.0,283952.0,1414921.0,242118.0,0.0,66023426.0,17121.0,6682345.0
Low,0.0,59999.0,0.0,318706928987.0,796280304686.0,1784106546165.0,190458491946.0,3182900601596.0,32057891322.0,24308761380.0,86850464722.0,841773150104.0,4233224350.0,8673150976.0,74624.0,0.0,279996.0,479975.0,242118.0,0.0,66023426.0,17121.0,6682345.0
Overall Average,6118076.5,60000.75,0.0,318706928987.0,796280304686.0,1817756855176.9167,211481608496.375,3197641816048.0,33535455057.375,41899026978.5,93135890396.75,902024735496.0,4236549857.5,8688443392.0,3775094.2,127996.8,281974.0,693781.84375,242118.0,0.0,66023426.0,17121.0,6682345.0
Standard Deviation,4317024.518995549,0.5204164998665332,0.0,0.0,0.0,25880663880.304573,16562644534.58894,14736185485.192974,1464009375.6917453,17590265598.5,4958959070.698692,60251585392.0,3325507.5,15292416.0,4401484.450204562,255993.6,1978.0,310190.9150055927,0.0,0.0,0.0,0.0,0.0
