,block,cpu,ib,ib_ext,ib_sw,intel_hsw,intel_hsw_cbo,intel_hsw_hau,intel_hsw_imc,intel_hsw_pcu,intel_hsw_qpi,intel_hsw_r2pci,intel_rapl,mem,net,nfs,numa,proc,ps,sysv_shm,tmpfs,vfs,vm
High,7134286.0,25719.0,1843648.0,7675668209.0,19136008111.0,602219266686.0,2359281846.0,1060832158602.0,109388741.0,766963758523.0,482224464.0,47993943088.0,1372039346.0,8638478848.0,5279844.0,1086480.0,73723.0,1441735.0,89615.0,0.0,1589260.0,19335.0,3876663.0
Low,0.0,0.0,0.0,0.0,0.0,0.0,0.0,0.0,0.0,0.0,0.0,0.0,0.0,0.0,0.0,0.0,0.0,0.0,0.0,0.0,0.0,0.0,0.0
Overall Average,1799105.625,12855.229166666666,921824.0,3837834104.5,9568004055.5,19789076663.104168,868646966.2708334,472015430624.125,32812937.9375,376586315498.25,232000936.25,16256460418.0,685159630.75,4302450048.0,1103796.9,271620.0,33523.0,606543.25,44807.5,0.0,794630.0,9667.5,1938331.5
Standard Deviation,2535141.2314609783,12855.229842427918,921824.0,3837834104.5,9568004055.5,94488757236.83409,938573482.6843629,479186582400.92865,40214516.89496843,376712557024.2829,232631055.45414257,19598559393.625347,685160710.3116902,4302515564.391155,2049827.9990389657,470459.64035185846,33853.84311271026,611427.7611337424,44807.5,0.0,794630.0,9667.5,1938331.5
