,block,cpu,ib,ib_ext,ib_sw,intel_hsw,intel_hsw_cbo,intel_hsw_hau,intel_hsw_imc,intel_hsw_pcu,intel_hsw_qpi,intel_hsw_r2pci,intel_rapl,mem,net,nfs,numa,proc,ps,sysv_shm,tmpfs,vfs,vm
High,7073218.0,25715.0,6446847.0,7858384897.0,19591168089.0,727084926312.0,3798727558.0,1344561516746.0,46577711.0,749903010528.0,40663759.0,25956265149.0,1378494923.0,8626754560.0,5275114.0,1086441.0,99898.0,1504549.0,86627.0,0.0,2072586.0,16460.0,3825759.0
Low,0.0,0.0,0.0,0.0,0.0,0.0,0.0,0.0,0.0,0.0,0.0,0.0,0.0,0.0,0.0,0.0,0.0,0.0,0.0,0.0,0.0,0.0,0.0
Overall Average,593059.625,4284.791666666667,1074474.5,1309730816.1666667,3265194681.5,6644660411.701389,286466505.9375,157576899935.33334,4704841.291666667,79958995613.91667,6351366.0,2195430552.3333335,116486048.08333333,1434256000.0,367898.36666666664,90536.75,11431.666666666666,203814.38888888888,14437.833333333334,0.0,345431.0,2743.3333333333335,637626.5
Standard Deviation,1675310.562122359,9581.085787079406,2402598.022090098,2928647137.1749473,7301197267.604775,62859147493.211876,942851336.488733,388199904251.99524,11729708.288038274,210072896671.44965,14228309.440892076,7164960811.268362,380547216.1705789,3207105611.850257,1292303.9505154477,300276.42948820925,28579.365946236267,458889.36840092984,32283.97678114571,0.0,772407.1975357299,6134.279818274424,1425776.1982552696
