,block,cpu,ib,ib_ext,ib_sw,intel_hsw,intel_hsw_cbo,intel_hsw_hau,intel_hsw_imc,intel_hsw_pcu,intel_hsw_qpi,intel_hsw_r2pci,intel_rapl,mem,net,nfs,numa,proc,ps,sysv_shm,tmpfs,vfs,vm
High,6957383.0,25717.0,6254919.0,7676173767.0,19137285787.0,896985420033.0,3736468734.0,1344544515356.0,46898327.0,752874237787.0,42600674.0,20225280209.0,1378475096.0,8627761920.0,5263532.0,1086497.0,100170.0,1663002.0,87568.0,0.0,1589253.0,22505.0,3713704.0
Low,0.0,0.0,0.0,0.0,0.0,0.0,0.0,0.0,0.0,0.0,0.0,0.0,0.0,0.0,0.0,0.0,0.0,0.0,0.0,0.0,0.0,0.0,0.0
Overall Average,349458.175,2570.891666666667,625491.9,767617376.7,1913728578.7,3986389803.6875,171069027.73333332,94662617820.75,2879773.5125,75080559833.65,3979037.575,1030962203.35,69816941.4,860713510.4,220028.58,54324.85,6707.3,124921.75,8756.8,0.0,158925.3,2250.5,371370.4
Standard Deviation,1305739.2424050616,7712.675382442241,1876475.7,2302852130.1000004,5741185736.099999,57812091028.24477,740352136.3966278,310616988473.26587,9506634.233106498,225242629427.3051,11952320.715313546,4404313259.517605,300251943.96407795,2582148769.807744,1014792.8399955942,236796.53127300553,22681.093459310996,379490.4941105739,26270.399999999998,0.0,476775.89999999997,6751.5,1114111.2000000002
