,block,cpu,ib,ib_ext,ib_sw,intel_hsw,intel_hsw_cbo,intel_hsw_hau,intel_hsw_imc,intel_hsw_pcu,intel_hsw_qpi,intel_hsw_r2pci,intel_rapl,mem,net,nfs,numa,proc,ps,sysv_shm,tmpfs,vfs,vm
High,6967068.0,25731.0,6162822.0,7656013172.0,19087671450.0,493704423494.0,3437282502.0,1344258634672.0,53818332.0,749389737169.0,36885462.0,30350858903.0,36105832.0,8630347776.0,5294374.0,1086441.0,100509.0,1414672.0,83765.0,0.0,1589252.0,32285.0,3758708.0
Low,0.0,0.0,0.0,0.0,0.0,0.0,0.0,0.0,0.0,0.0,0.0,0.0,0.0,0.0,0.0,0.0,0.0,0.0,0.0,0.0,0.0,0.0,0.0
Overall Average,499930.60714285716,3672.9821428571427,880403.1428571428,1093716167.4285715,2726810207.142857,5770701807.178572,237043576.5357143,135258566684.28572,3994413.464285714,83852978529.21428,5069923.607142857,2195015704.857143,3969683.5714285714,1229803684.5714285,316166.4,77602.92857142857,10138.07142857143,172549.59523809524,11966.42857142857,0.0,227036.0,4612.142857142857,536958.2857142857
Standard Deviation,1538330.53092313,8996.932449103346,2156538.4679426444,2679046533.632415,6679293632.912902,51641140328.92528,847478965.8734844,363779679070.3715,12353068.010111157,214374645139.3923,12427310.781814758,7809633408.570318,10219324.74355428,3012402699.156043,1207021.6718451176,279801.3380904552,27227.97926100568,424336.4701293774,29311.64404346185,0.0,556122.3532425216,11297.39662082213,1315273.8131595822
