,block,cpu,ib,ib_ext,ib_sw,intel_hsw,intel_hsw_cbo,intel_hsw_hau,intel_hsw_imc,intel_hsw_pcu,intel_hsw_qpi,intel_hsw_r2pci,intel_rapl,mem,net,nfs,numa,proc,ps,sysv_shm,tmpfs,vfs,vm
High,6570827.0,17142.0,819636.0,2310874023.0,5770213820.0,500731518148.0,19335604994.0,850745324267.0,549614720.0,101580227621.0,1242041972.0,69461773495.0,1395699635.0,8945729536.0,5970161.0,0.0,418301.0,1324371.0,194117.0,0.0,66263044.0,8368.0,4143329.0
Low,0.0,0.0,0.0,0.0,0.0,0.0,0.0,0.0,0.0,0.0,0.0,0.0,0.0,0.0,0.0,0.0,0.0,0.0,0.0,0.0,0.0,0.0,0.0
Overall Average,117657.27678571429,612.171130952381,29272.714285714286,82531215.10714285,206079065.0,17510793783.74107,405301049.6889881,30334742274.875,18622406.35714286,3443448926.803571,44067107.366071425,2392503046.857143,25830194.32142857,319339250.28571427,49247.06428571429,0.0,14667.660714285714,13977.775862068966,6932.75,0.0,2366537.285714286,298.85714285714283,147976.0357142857
Standard Deviation,752723.0456172967,3180.934508942063,152105.48525491334,428844773.3279025,1070818232.8688673,90995148915.1382,2186261536.983052,157624157463.60278,96832949.89165011,17919276120.619026,228983954.64249623,12440582768.511003,184835548.59391296,1659335611.6421478,505572.3120891555,0.0,76228.95578201914,102251.06135762167,36023.6257085194,0.0,12296888.450589864,1552.9072669003249,768906.0364793086
