,block,cpu,ib,ib_ext,ib_sw,intel_hsw,intel_hsw_cbo,intel_hsw_hau,intel_hsw_imc,intel_hsw_pcu,intel_hsw_qpi,intel_hsw_r2pci,intel_rapl,mem,net,nfs,numa,proc,ps,sysv_shm,tmpfs,vfs,vm
High,5483877.0,17143.0,903281.0,2238792023.0,5589322247.0,514515206981.0,18587318473.0,847783085980.0,549865328.0,71087055548.0,1240555820.0,77015573730.0,51684692.0,8950152704.0,5811167.0,164350.0,417155.0,1414952.0,195517.0,0.0,66263044.0,9176.0,3555465.0
Low,0.0,0.0,0.0,0.0,0.0,0.0,0.0,0.0,0.0,0.0,0.0,0.0,0.0,0.0,0.0,0.0,0.0,0.0,0.0,0.0,0.0,0.0,0.0
Overall Average,109679.22,685.66,36131.24,89551680.92,223572889.88,19349159348.791668,427439322.55,33770379678.99,20841190.91,2629457597.14,49283171.9,2762586993.24,2045415.36,357894625.28,66011.24,3287.0,16309.06,15783.660689655173,7820.68,0.0,2650521.76,367.04,142218.6
Standard Deviation,662732.0094775953,3359.034286477786,177006.20354807455,438711847.72506404,1095279001.0509062,94820673219.13571,2175664385.7543297,165441897117.63898,102176091.56376562,12926031781.799076,241441914.23359144,13626957005.044691,10021050.117094958,1753318515.8476746,530836.055517157,23009.0,79919.99986546797,109638.57451117333,38313.35088317909,0.0,12984851.728287235,1798.121430382275,696726.0038659675
