,block,cpu,ib,ib_ext,ib_sw,intel_hsw,intel_hsw_cbo,intel_hsw_hau,intel_hsw_imc,intel_hsw_pcu,intel_hsw_qpi,intel_hsw_r2pci,intel_rapl,mem,net,nfs,numa,proc,ps,sysv_shm,tmpfs,vfs,vm
High,141110151.0,25726.0,0.0,66245530.0,165535820.0,361072103532.0,115285129503.0,1365429779849.0,18574142154.0,653399809165.0,126251480946.0,445683638838.0,2734086782.0,8619599360.0,28129506.0,6743194.0,3655558.0,37008128.0,176092.0,0.0,0.0,7793.0,165586536.0
Low,0.0,25696.0,0.0,66245530.0,165535820.0,106322761434.0,58815654347.0,1352238481182.0,17435772660.0,624107403493.0,93233058878.0,373907654860.0,46429857.0,8592110336.0,89.0,6743194.0,3630452.0,1121278.0,176092.0,0.0,0.0,7793.0,165586536.0
Overall Average,76097029.75,25710.5,0.0,66245530.0,165535820.0,161710907571.54166,84071554038.54167,1358834093219.25,17993816053.75,638753606329.0,109738739338.5,409795646849.0,1390258319.5,8605854848.0,5702428.8,6743194.0,3643005.0,10477962.3,176092.0,0.0,0.0,7793.0,165586536.0
Standard Deviation,65070124.66526266,5.545268253204709,0.0,0.0,0.0,60843991513.00096,16325129840.147425,6594959577.429476,514073452.8919696,14646202836.0,16502462309.84264,35887991989.0,1343828462.5,13744512.0,11213729.411841314,0.0,12553.0,14649288.041672675,0.0,0.0,0.0,0.0,0.0
