,block,cpu,ib,ib_ext,ib_sw,intel_hsw,intel_hsw_cbo,intel_hsw_hau,intel_hsw_imc,intel_hsw_pcu,intel_hsw_qpi,intel_hsw_r2pci,intel_rapl,mem,net,nfs,numa,proc,ps,sysv_shm,tmpfs,vfs,vm
High,6482613.0,17142.0,7673631.0,2172975449.0,5367215431.0,549171879832.0,193993754187.0,873575021406.0,36438214646.0,166200095141.0,105013873248.0,585435996890.0,1407625335.0,8648620032.0,1220392.0,164275.0,3116895.0,1486645.0,92699.0,0.0,65984514.0,9140.0,9547233.0
Low,0.0,0.0,0.0,0.0,0.0,0.0,0.0,0.0,0.0,0.0,0.0,0.0,0.0,0.0,0.0,0.0,0.0,0.0,0.0,0.0,0.0,0.0,0.0
Overall Average,1083465.25,5713.944444444444,2557877.0,724325149.6666666,1789071810.3333333,180735640822.05554,58460322184.513885,288254732201.9167,11865597446.166666,54850705007.5,34752123493.0,194637215697.66666,469071779.6666667,2882715733.3333335,197790.53333333333,18252.777777777777,1026038.1666666666,107201.98850574713,30899.666666666668,0.0,21994838.0,3046.6666666666665,3182411.0
Standard Deviation,2025674.7928373616,8080.737732563105,3617384.344282205,1024350450.226522,2530129618.2327857,255633170139.6174,82841963602.58792,407685445168.37976,16784797035.567043,77576445904.21693,49148804776.00638,275259997123.655,663367714.7642533,4076775695.6862907,393931.9525328991,51626.651768631156,1451209.8221737174,289996.243341641,43698.72767280784,0.0,31105398.20179912,4308.6373200300295,4500608.797245324
