,block,cpu,ib,ib_ext,ib_sw,intel_hsw,intel_hsw_cbo,intel_hsw_hau,intel_hsw_imc,intel_hsw_pcu,intel_hsw_qpi,intel_hsw_r2pci,intel_rapl,mem,net,nfs,numa,proc,ps,sysv_shm,tmpfs,vfs,vm
High,6636965.0,60008.0,220924.0,4672695898.0,11677537910.0,528679167011.0,36711354832.0,1818816080072.0,8480633847.0,1287729145390.0,28940366033.0,159292187873.0,1433985247.0,14491041024.0,1958590159.0,164838.0,9205744.0,1414932.0,737745.0,0.0,65961986.0,9371.0,10026804.0
Low,0.0,0.0,0.0,0.0,0.0,0.0,0.0,0.0,0.0,0.0,0.0,0.0,0.0,0.0,0.0,0.0,0.0,0.0,0.0,0.0,0.0,0.0,0.0
Overall Average,1109728.5,19996.194444444445,73641.33333333333,1557565299.3333333,3892512636.6666665,168811346955.52777,10352298865.38889,605932364923.5834,2738282816.7083335,425713526729.8333,9147168676.416666,51272544889.166664,254459928.5,6851632042.666667,130734896.93333334,27473.0,2119711.0,295586.3103448276,245962.33333333334,0.0,21987328.666666668,5442.0,3342268.0
Standard Deviation,2073603.161856896,28278.890376646916,104144.57235123789,2202729970.59891,5504844162.482656,238803471003.65103,14732985138.625666,856917967265.6862,3875478088.6681843,602080880158.5604,12964715375.568598,72579184089.44702,528586421.90499574,5244023542.913237,488515009.9695696,61431.49554585172,3418686.0305506755,365537.0721294212,347742.863302118,0.0,31094778.40075474,3972.4708515817542,4726680.7346856
