,block,cpu,ib,ib_ext,ib_sw,intel_hsw,intel_hsw_cbo,intel_hsw_hau,intel_hsw_imc,intel_hsw_pcu,intel_hsw_qpi,intel_hsw_r2pci,intel_rapl,mem,net,nfs,numa,proc,ps,sysv_shm,tmpfs,vfs,vm
High,19628931.0,553044.0,0.0,674173727811.0,1684394996721.0,286205665684782.0,287639397075660.0,293958776517250.0,226171817217778.0,93930868848722.0,212879677368024.0,28460981786464.0,38690299082.0,8854294528.0,14976553.0,1069470.0,7090536.0,1594831.0,1878831.0,0.0,80041986.0,9034.0,18167938.0
Low,0.0,553040.0,0.0,674173727811.0,1684394996721.0,286126223902370.0,285988109206078.0,293904258094917.0,226161386671995.0,93871687486456.0,212871434465392.0,28457192940196.0,37259953781.0,8846022144.0,30908.0,0.0,1677299.0,228099.0,1878831.0,0.0,80041986.0,9034.0,18167938.0
Overall Average,9829508.5,553043.0416666666,0.0,674173727811.0,1684394996721.0,286166644316944.3,286895223894934.7,293931539335084.0,226166164407578.25,93901278167589.0,212875772367835.25,28459087363330.0,37975126431.5,8850158336.0,6260348.0,427788.0,4383917.5,549612.0882352941,1878831.0,0.0,80041986.0,9034.0,18167938.0
Standard Deviation,6976848.168881866,0.7347996703561832,0.0,0.0,0.0,23830991020.298603,502389405711.5983,27159472767.543484,4129029990.034009,29590681133.0,3588558538.135229,1894423134.0,715172650.5,4136192.0,5603857.711457028,520853.96028867824,2706618.5,441598.46285700396,0.0,0.0,0.0,0.0,0.0
