,block,cpu,ib,ib_ext,ib_sw,intel_hsw,intel_hsw_cbo,intel_hsw_hau,intel_hsw_imc,intel_hsw_pcu,intel_hsw_qpi,intel_hsw_r2pci,intel_rapl,mem,net,nfs,numa,proc,ps,sysv_shm,tmpfs,vfs,vm
High,10439174.0,77135.0,0.0,395317698.0,987954241.0,532321558722.0,10498979601.0,2617061644394.0,197712123.0,1787421967496.0,652910816.0,58215860664.0,1451323062.0,8744997888.0,167474654.0,259727.0,516883.0,1382724.0,284125.0,0.0,0.0,9687.0,6533112.0
Low,0.0,0.0,0.0,0.0,0.0,0.0,0.0,0.0,0.0,0.0,0.0,0.0,0.0,0.0,0.0,0.0,0.0,0.0,0.0,0.0,0.0,0.0,0.0
Overall Average,274721.4605263158,4059.059210526316,0.0,20806194.63157895,51997591.631578945,14977188842.41886,280771841.48245615,137690868799.92105,8469032.539473685,91804259263.21053,32069821.92105263,2968073846.5,76133643.78947368,460239333.05263156,1814001.0631578946,6859.9473684210525,21886.184210526317,66822.44736842105,14953.947368421053,0.0,0.0,509.8421052631579,343848.0
Standard Deviation,1440675.7260827064,17221.13004240092,0.0,88273207.88805969,220607097.8883501,70987348068.59099,1274082910.1839674,584172921537.3528,36354854.54904894,389618212580.4771,136300199.90014502,12599409923.867908,323009559.2628174,1952630122.9576478,17088954.685552977,41571.3658948759,95705.11820165308,283714.0478015809,63444.225538303515,0.0,0.0,2163.0768597960273,1458823.5149845919
