,block,cpu,ib,ib_ext,ib_sw,intel_hsw,intel_hsw_cbo,intel_hsw_hau,intel_hsw_imc,intel_hsw_pcu,intel_hsw_qpi,intel_hsw_r2pci,intel_rapl,mem,net,nfs,numa,proc,ps,sysv_shm,tmpfs,vfs,vm
High,10183351.0,77139.0,0.0,367355357.0,918067538.0,549825317012.0,8967199307.0,2631682036497.0,193453851.0,1752231257720.0,545027707.0,52996697248.0,1441645457.0,8741278720.0,155477855.0,0.0,518630.0,1662701.0,293161.0,0.0,0.0,9263.0,6362278.0
Low,0.0,0.0,0.0,0.0,0.0,0.0,0.0,0.0,0.0,0.0,0.0,0.0,0.0,0.0,0.0,0.0,0.0,0.0,0.0,0.0,0.0,0.0,0.0
Overall Average,118662.73837209302,1793.5436046511627,0.0,8543147.837209303,21350407.860465117,6127835162.281977,115665902.50290698,61153151089.058136,3585583.5290697673,39515231624.25581,12306767.918604651,1137207900.127907,33500223.279069766,203128617.6744186,745725.2511627907,0.0,9310.255813953489,29742.363787375416,6817.697674418605,0.0,0.0,215.41860465116278,147959.9534883721
Standard Deviation,945400.730393126,11623.491173903134,0.0,55365925.88111742,138366457.14892337,43741752374.037155,796002622.4286369,396317843858.21985,23564678.193307295,256215850550.45917,79773053.84640554,7396382094.559056,217106329.51004216,1316424301.8057945,10578983.380764373,0.0,62976.17243739724,193188.22950226933,44183.73078804527,0.0,0.0,1396.072118357023,958890.0923066271
