,block,cpu,ib,ib_ext,ib_sw,intel_hsw,intel_hsw_cbo,intel_hsw_hau,intel_hsw_imc,intel_hsw_pcu,intel_hsw_qpi,intel_hsw_r2pci,intel_rapl,mem,net,nfs,numa,proc,ps,sysv_shm,tmpfs,vfs,vm
High,10253728.0,77180.0,38651.0,368031298.0,919757618.0,564064774597.0,7440929317.0,2580130851318.0,194386126.0,1879424556760.0,569602048.0,53250804456.0,2791907604.0,8744847616.0,155756961.0,0.0,498120.0,1513956.0,284875.0,0.0,6.0,9543.0,6405835.0
Low,0.0,0.0,0.0,0.0,0.0,0.0,0.0,0.0,0.0,0.0,0.0,0.0,0.0,0.0,0.0,0.0,0.0,0.0,0.0,0.0,0.0,0.0,0.0
Overall Average,128476.475,1928.2739583333334,966.275,9200782.45,22993940.45,6622031572.79375,116973994.21458334,64467989555.45,3841883.840625,45761003778.5,13512629.19375,1322965575.6625,36153053.75,218319433.6,802967.39,0.0,10086.7125,31836.30982142857,7121.875,0.0,0.15,238.575,160145.875
Standard Deviation,986161.6265286457,12042.067280776111,6034.385440902411,57458867.9839491,143597112.08554193,46158893685.11382,778571620.0700079,402602527562.4559,24362704.589019313,285882311459.923,84469784.34018,8262084317.75451,310246918.96538603,1363405761.5751157,10986154.220602565,0.0,64744.8967452636,199063.69386101176,44476.095119843594,0.0,0.9367496997597597,1489.9003974678978,1000110.66882676
