,block,cpu,ib,ib_ext,ib_sw,intel_hsw,intel_hsw_cbo,intel_hsw_hau,intel_hsw_imc,intel_hsw_pcu,intel_hsw_qpi,intel_hsw_r2pci,intel_rapl,mem,net,nfs,numa,proc,ps,sysv_shm,tmpfs,vfs,vm
High,10434354.0,77153.0,0.0,367196948.0,917675524.0,544661440254.0,7754893388.0,2577920223734.0,192175313.0,1716241665911.0,543686131.0,55660585486.0,1445669025.0,8748677632.0,155448100.0,0.0,503330.0,1523109.0,286967.0,0.0,0.0,9054.0,6501440.0
Low,0.0,0.0,0.0,0.0,0.0,0.0,0.0,0.0,0.0,0.0,0.0,0.0,0.0,0.0,0.0,0.0,0.0,0.0,0.0,0.0,0.0,0.0,0.0
Overall Average,653476.9375,9640.802083333334,0.0,45899618.5,114709440.5,33007078109.895832,614405384.359375,322072639576.0,19379345.515625,212365978835.625,64174947.6875,6511682786.875,180503776.8125,1091771824.0,4005806.975,0.0,50801.0,159235.73660714287,35870.875,0.0,0.0,1131.75,812680.0
Standard Deviation,2165886.385979089,25507.165255211374,0.0,121438975.82373954,303492652.59436065,99538577716.23883,1708407497.1978462,852124239772.9784,51976960.93099421,561900911085.7279,170015815.37751597,17274392464.010433,477568455.63491684,2888561285.836457,24253828.45643142,0.0,138706.25605033105,421898.5676085537,94905.41456028404,0.0,0.0,2994.3290462973505,2150149.1754759713
