,block,cpu,ib,ib_ext,ib_sw,intel_hsw,intel_hsw_cbo,intel_hsw_hau,intel_hsw_imc,intel_hsw_pcu,intel_hsw_qpi,intel_hsw_r2pci,intel_rapl,mem,net,nfs,numa,proc,ps,sysv_shm,tmpfs,vfs,vm
High,10557638.0,77135.0,0.0,387782920.0,969127038.0,571567597701.0,7775736814.0,2687383440895.0,218036890.0,1860335166277.0,573385635.0,63901595452.0,1445886427.0,8756279552.0,164282159.0,256228.0,509764.0,1500441.0,289896.0,0.0,0.0,9774.0,6602400.0
Low,0.0,0.0,0.0,0.0,0.0,0.0,0.0,0.0,0.0,0.0,0.0,0.0,0.0,0.0,0.0,0.0,0.0,0.0,0.0,0.0,0.0,0.0,0.0
Overall Average,129125.24390243902,1881.020325203252,0.0,9458120.0,23637244.82926829,6803713363.112804,119584656.26829268,65146307172.45731,3906900.198170732,44312129419.585365,13513790.140243903,1484435113.609756,35261644.20731708,213372078.8292683,824663.756097561,3136.109756097561,9904.5,31073.91637630662,7070.634146341464,0.0,0.0,238.390243902439,161034.1463414634
Standard Deviation,1003878.1953319963,11896.617304777645,0.0,59818403.166383505,149495062.54305127,48629689586.26318,785317287.0496132,412029369554.0975,25662906.087494005,280336985357.1563,85496998.25676718,9400386849.818724,223014220.85790616,1349484098.2529976,11445920.486501692,28121.50755595548,64700.434636880294,196758.264771722,44718.61680839866,0.0,0.0,1507.7122853895485,1018469.3669997904
