,block,cpu,ib,ib_ext,ib_sw,intel_hsw,intel_hsw_cbo,intel_hsw_hau,intel_hsw_imc,intel_hsw_pcu,intel_hsw_qpi,intel_hsw_r2pci,intel_rapl,mem,net,nfs,numa,proc,ps,sysv_shm,tmpfs,vfs,vm
High,10424714.0,77144.0,0.0,380706022.0,951431870.0,508752316145.0,7813203564.0,2640166107309.0,193786299.0,1801500681956.0,546432128.0,58263910530.0,2794835993.0,8761073664.0,161136253.0,257620.0,524284.0,1550170.0,279025.0,0.0,0.0,10288.0,6537708.0
Low,0.0,0.0,0.0,0.0,0.0,0.0,0.0,0.0,0.0,0.0,0.0,0.0,0.0,0.0,0.0,0.0,0.0,0.0,0.0,0.0,0.0,0.0,0.0
Overall Average,744644.1428571428,11017.720238095239,0.0,54386574.571428575,135918838.57142857,40885924093.1369,797363256.1309524,371708940637.4643,22867409.625,255003774122.64285,75439566.21428572,8157571738.285714,398297366.4285714,1249995392.0,4741344.114285714,18469.35714285714,61295.21428571428,182182.8673469388,39860.71428571428,0.0,0.0,1469.7142857142858,933958.2857142857
Standard Deviation,2295857.346034805,26987.793218796953,0.0,133219356.55782673,332931800.9317169,110410768170.47212,2008032848.0777729,910611725982.6042,56661968.907881364,624660164026.336,184871019.33343336,19986705324.742493,975628653.7892895,3061853768.6074815,26825276.94268568,66328.9037703206,154394.99930289126,446988.29879346775,97638.41078286804,0.0,0.0,3600.0500676790484,2287721.2410445036
