,block,cpu,ib,ib_ext,ib_sw,intel_hsw,intel_hsw_cbo,intel_hsw_hau,intel_hsw_imc,intel_hsw_pcu,intel_hsw_qpi,intel_hsw_r2pci,intel_rapl,mem,net,nfs,numa,proc,ps,sysv_shm,tmpfs,vfs,vm
High,10503268.0,77196.0,0.0,367369342.0,918102603.0,838140633756.0,9873278030.0,2823475768976.0,190584887.0,1919670066784.0,539993169.0,61274131282.0,1442555687.0,8748353792.0,155502008.0,259200.0,497586.0,1555074.0,286317.0,0.0,6.0,10158.0,6535363.0
Low,0.0,0.0,0.0,0.0,0.0,0.0,0.0,0.0,0.0,0.0,0.0,0.0,0.0,0.0,0.0,0.0,0.0,0.0,0.0,0.0,0.0,0.0,0.0
Overall Average,404892.6538461539,5933.160256410257,0.0,28259180.153846152,70623277.15384616,20323619873.669872,275107847.1666667,216998240933.6154,11604911.711538462,137346778752.38461,39828458.192307696,4695025370.807693,110947987.96153846,672511428.9230769,2465985.076923077,10005.884615384615,30989.96153846154,98101.82692307692,22024.384615384617,0.0,0.46153846153846156,781.3846153846154,502720.23076923075
Standard Deviation,1740206.8162763664,20553.070701234865,0.0,97892671.61340725,244646208.45495972,92758058043.03886,1086335722.8837364,751704276134.0425,40838276.17523587,477236024318.94244,138036059.3164219,16264179826.118992,384335109.6729102,2329648464.5097847,19132449.822949838,49839.15949896837,110519.79951138613,340364.12900468975,76294.70631856895,0.0,1.598816130063579,2706.7957081976397,1741473.9633701171
