,block,cpu,ib,ib_ext,ib_sw,intel_hsw,intel_hsw_cbo,intel_hsw_hau,intel_hsw_imc,intel_hsw_pcu,intel_hsw_qpi,intel_hsw_r2pci,intel_rapl,mem,net,nfs,numa,proc,ps,sysv_shm,tmpfs,vfs,vm
High,10607211.0,77136.0,0.0,377682579.0,943879003.0,547086068034.0,8400515215.0,2706744729215.0,213970644.0,1834156205122.0,604836079.0,63424869461.0,2782080532.0,8758329088.0,159903497.0,259395.0,513532.0,1469025.0,283983.0,0.0,0.0,11044.0,6605591.0
Low,0.0,0.0,0.0,0.0,0.0,0.0,0.0,0.0,0.0,0.0,0.0,0.0,0.0,0.0,0.0,0.0,0.0,0.0,0.0,0.0,0.0,0.0,0.0
Overall Average,143663.44594594595,2084.3783783783783,0.0,10207637.27027027,25510243.324324325,7331245285.814189,124308961.74662162,72947265707.85811,4252605.689189189,48156677076.675674,15732364.682432432,1558588967.7162163,57058679.027027026,236465345.72972974,891067.7135135136,3518.189189189189,11052.027027027027,34403.46814671814,7675.216216216216,0.0,0.0,298.4864864864865,178529.48648648648
Standard Deviation,1060107.4942780647,12506.270467198518,0.0,61245823.621621616,153061459.9459459,51350310967.318565,787276113.5572864,437685421817.60486,26493664.978003517,289068251064.8353,94430883.56381269,9399306717.897728,359680876.31161916,1418792865.0746977,11724415.943051932,29948.31672916115,68505.83520657654,206631.86369372564,46051.29729729729,0.0,0.0,1790.9189189189185,1071176.9189189186
