,block,cpu,ib,ib_ext,ib_sw,intel_hsw,intel_hsw_cbo,intel_hsw_hau,intel_hsw_imc,intel_hsw_pcu,intel_hsw_qpi,intel_hsw_r2pci,intel_rapl,mem,net,nfs,numa,proc,ps,sysv_shm,tmpfs,vfs,vm
High,10419836.0,77144.0,0.0,379909210.0,949442737.0,583144368836.0,8978791628.0,2699818341316.0,218641738.0,1845725119346.0,586267014.0,60609392652.0,1454703165.0,8755600640.0,160818760.0,256092.0,524454.0,1486911.0,282492.0,0.0,0.0,10878.0,6551920.0
Low,0.0,0.0,0.0,0.0,0.0,0.0,0.0,0.0,0.0,0.0,0.0,0.0,0.0,0.0,0.0,0.0,0.0,0.0,0.0,0.0,0.0,0.0,0.0
Overall Average,193403.05555555556,2856.412037037037,0.0,14070711.481481481,35164545.81481481,10577236667.47531,192225519.5632716,99954533752.09259,5910271.180555556,66619765281.77778,21020454.342592593,2180786635.296296,53665533.88888889,324099171.5555556,1226826.6666666667,4760.185185185185,15753.055555555555,47154.18518518518,10462.666666666666,0.0,0.0,402.8888888888889,242663.7037037037
Standard Deviation,1214583.999545781,14564.901003623369,0.0,71746832.4142081,179304705.29636824,60715586153.856865,1037630550.5511084,509670157694.3817,31330363.163702082,339815841825.37445,107210757.55576123,11124846098.468288,273643829.35229397,1652588271.6841033,13788675.807264162,34523.32132485284,82559.18658451593,240708.34472254777,53349.34149755009,0.0,0.0,2054.3383062541598,1237346.9604258826
