,block,cpu,ib,ib_ext,ib_sw,intel_hsw,intel_hsw_cbo,intel_hsw_hau,intel_hsw_imc,intel_hsw_pcu,intel_hsw_qpi,intel_hsw_r2pci,intel_rapl,mem,net,nfs,numa,proc,ps,sysv_shm,tmpfs,vfs,vm
High,10545748.0,77142.0,0.0,387274893.0,967851220.0,566901703517.0,8202825841.0,2630693103576.0,190183817.0,1770296935962.0,604567001.0,63589401915.0,2789604449.0,8748696064.0,164001499.0,255835.0,513884.0,1459876.0,286280.0,0.0,0.0,10157.0,6569978.0
Low,0.0,0.0,0.0,0.0,0.0,0.0,0.0,0.0,0.0,0.0,0.0,0.0,0.0,0.0,0.0,0.0,0.0,0.0,0.0,0.0,0.0,0.0,0.0
Overall Average,175766.71666666667,2570.75,0.0,12909163.1,32261707.333333332,9284147752.126389,155312782.01666668,87501448942.91667,5254753.758333334,58570216329.333336,18567028.216666665,2109298739.7666667,70522381.48333333,291323490.1333333,1125588.0333333334,4279.4,13538.883333333333,42401.175,9542.666666666666,0.0,0.0,338.56666666666666,218999.26666666666
Standard Deviation,1166203.3772981393,13843.912698918532,0.0,69517970.81567936,173734610.94953984,59183152372.737335,895867413.1607821,471210851754.3627,28549589.64397885,315419461322.0259,100294985.742386,11359062745.720823,399209601.0420546,1568825865.4226136,13345235.13974715,32749.965497284626,75514.95319274889,228561.09953169466,51388.83269954886,0.0,0.0,1823.2372982021716,1179347.143641598
