,block,cpu,ib,ib_ext,ib_sw,intel_hsw,intel_hsw_cbo,intel_hsw_hau,intel_hsw_imc,intel_hsw_pcu,intel_hsw_qpi,intel_hsw_r2pci,intel_rapl,mem,net,nfs,numa,proc,ps,sysv_shm,tmpfs,vfs,vm
High,6759291.0,17140.0,0.0,34333092.0,85530382.0,243339353415.0,2399503120.0,747500343675.0,635920366.0,283130222913.0,4068472276.0,23519195983.0,34270328.0,8809823744.0,10831661.0,42831169.0,4335718.0,1432824.0,442381.0,0.0,0.0,10509.0,8288005.0
Low,0.0,0.0,0.0,0.0,0.0,0.0,0.0,0.0,0.0,0.0,0.0,0.0,0.0,0.0,0.0,0.0,0.0,0.0,0.0,0.0,0.0,0.0,0.0
Overall Average,337969.425,1713.7416666666666,0.0,3433309.2,8553038.2,13621984407.466667,205047043.7125,73558496751.8,53865487.2,22280337063.6,357007761.15,2187365107.5,3327127.4,872909350.4,266576.12,1427712.8333333333,376339.1,129855.28928571429,44238.1,0.0,0.0,1050.9,828800.5
Standard Deviation,1265218.857149503,5141.2250744931625,0.0,10299927.6,25659114.599999998,41619915700.27553,620457020.51558,220707655218.62112,163766723.38176754,69510097738.19736,1082240054.7473478,6582695255.440652,9986380.801469993,2618852485.9767866,1541855.532698192,7688428.794665561,1143431.6259366756,389996.34933271934,132714.3,0.0,0.0,3152.7000000000003,2486401.5
