,block,cpu,ib,ib_ext,ib_sw,intel_hsw,intel_hsw_cbo,intel_hsw_hau,intel_hsw_imc,intel_hsw_pcu,intel_hsw_qpi,intel_hsw_r2pci,intel_rapl,mem,net,nfs,numa,proc,ps,sysv_shm,tmpfs,vfs,vm
High,8426760.0,17138.0,101670.0,237510662.0,592923492.0,246314668411.0,3743210892.0,811829801223.0,805681805.0,281610874396.0,4147538721.0,33866359779.0,35970606.0,8878441728.0,167314162.0,42290465.0,5365553.0,1554540.0,846599.0,0.0,20056094.0,36235.0,10337838.0
Low,0.0,0.0,0.0,0.0,0.0,0.0,0.0,0.0,0.0,0.0,0.0,0.0,0.0,0.0,0.0,0.0,0.0,0.0,0.0,0.0,0.0,0.0,0.0
Overall Average,528705.25,2141.7708333333335,12708.75,29688832.75,74115436.5,17823543138.479168,335984485.796875,95273034153.6875,79344391.875,27847850254.375,493996435.84375,3522197234.0,4124402.3125,1097224320.0,6621410.125,1762113.125,566565.0625,162328.78225806452,105824.875,0.0,2507011.75,4529.375,1292229.75
Standard Deviation,1751134.5815801823,5666.593190355439,33624.19197449212,78549268.17228985,196091013.28999943,48271991462.933945,939683503.1772969,252679036222.4265,216870493.76145056,76557900367.92113,1308530789.1491892,9533435552.546473,10962731.292628765,2903200766.455799,29075582.304133605,8450745.544061951,1527650.052720332,430519.7044578433,279986.3017744964,0.0,6632929.624416834,11983.59984455318,3418918.555259168
