,block,cpu,ib,ib_ext,ib_sw,intel_hsw,intel_hsw_cbo,intel_hsw_hau,intel_hsw_imc,intel_hsw_pcu,intel_hsw_qpi,intel_hsw_r2pci,intel_rapl,mem,net,nfs,numa,proc,ps,sysv_shm,tmpfs,vfs,vm
High,7161867.0,17139.0,0.0,34325478.0,85511070.0,243652283729.0,2414586268.0,751510892604.0,649091297.0,283199663655.0,4136551702.0,23780507274.0,1377382520.0,8783493120.0,10837670.0,42601713.0,4209067.0,1414659.0,446663.0,0.0,8194.0,11188.0,8622466.0
Low,0.0,0.0,0.0,0.0,0.0,0.0,0.0,0.0,0.0,0.0,0.0,0.0,0.0,0.0,0.0,0.0,0.0,0.0,0.0,0.0,0.0,0.0,0.0
Overall Average,326636.4772727273,1557.8863636363637,0.0,3120498.0,7773733.636363637,12362570461.954546,187372753.64772728,66672287469.795456,50264930.51136363,20259934699.045456,332221791.8636364,2015744946.0,64038950.45454545,793474629.8181819,242249.76363636364,1290967.5454545454,335156.5,117538.2131661442,40605.72727272727,0.0,744.9090909090909,1017.0909090909091,783860.5454545454
Standard Deviation,1284575.9873937268,4926.469305742207,0.0,9867881.114000108,24582704.214372225,39816539062.91278,597196922.4356271,210907012824.6994,160790598.02374157,66600646077.1262,1060319892.5459743,6392740913.5201435,286669870.7707961,2509242437.530962,1472618.295309412,7302777.061788883,1071495.6227593853,372151.00082528143,128406.58422943534,0.0,2355.6093770381544,3216.3238601785297,2478784.6915783095
