,Block device statistics (per device),Scheduler accounting (per CPU),Infiniband usage (default),Infiniband usage (ext),InfiniBand usage (sw),Intel Haswell Processor (HSW) (per core),Caching Agent (CBo) for SNB (HSW) (per socket),Home Agent Unit for SNB (HSW) (per socket),Integrated Memory Controller for SNB (HSW) (per socket),Power Control Unit for SNB (HSW) (per socket),QPI Link Layer for SNB (HSW) (per socket),Ring to PCIe Agent for SNB (HSW) (per socket),intel_rapl,Memory usage (per socket),Network device usage (per device),NFS system usage,NUMA statistics (per socket),"Process specific data (MaxRSS, executable name etc.)",Process statistics,SysV shared memory segment usage,Ram-backed filesystem usage (per mount),Dentry/file/inode cache usage,Virtual memory statistics
High,8718456.0,37855.571,503157.588,8750460137.0,21868587712.75,977009668655.455,207379506476.5,1839464539499.75,26481864762.4,275460203040.0,61611839043.25,519902219949.0,1456469760.667,13436742400.0,2686781564.913,256576.374,3480082.0,1292968.333,489496.286,0.0,66023426.5,8324.333,11091257.19
Low,0.0,0.0,0.0,0.1,0.0,0.0,0.0,0.0,0.0,0.0,0.0,0.0,0.0,8574903040.0,0.0,0.0,0.0,154590.733,317.571,0.0,0.5,6156.0,0.0
Overall Average,2766164.8863750002,20592.7231875,245230.294,5772373677.716667,14426258634.875,485390411635.2248,74321999230.54514,936003117996.3334,12359632789.775,168495310818.36108,30099507140.020832,249217572714.14584,951743564.8888334,12011418581.333334,336162198.89611113,169998.65333333335,2489516.4166666665,578000.9731954023,341910.49983333336,0.0,43970220.416666664,7839.0,6450608.769833333
Standard Deviation,2592122.708804994,13489.870183072868,184052.50284107873,3186819158.0799656,7964351863.731594,361351942519.2258,62856153582.467285,667161243928.2084,10805693673.93204,83085830872.08691,24813831406.45576,209380066503.7689,668773673.8080705,1962508464.4629521,859756508.6598864,84965.24232205545,1419935.766009428,339715.3060981847,168337.3433160885,0.0,31091789.8153917,761.0282134012292,3866050.4298537057
