,Block device statistics (per device),Scheduler accounting (per CPU),Infiniband usage (default),Infiniband usage (ext),InfiniBand usage (sw),Intel Haswell Processor (HSW) (per core),Caching Agent (CBo) for SNB (HSW) (per socket),Home Agent Unit for SNB (HSW) (per socket),Integrated Memory Controller for SNB (HSW) (per socket),Power Control Unit for SNB (HSW) (per socket),QPI Link Layer for SNB (HSW) (per socket),Ring to PCIe Agent for SNB (HSW) (per socket),intel_rapl,Memory usage (per socket),Network device usage (per device),NFS system usage,NUMA statistics (per socket),"Process specific data (MaxRSS, executable name etc.)",Process statistics,SysV shared memory segment usage,Ram-backed filesystem usage (per mount),Dentry/file/inode cache usage,Virtual memory statistics
High,52360480.545,1234896.143,0.0,128679133.0,320895751.75,286438678631586.44,282028589291584.0,289694806487073.0,225352079681993.8,94156834837168.34,211505560634529.97,22857531130326.754,72943035296.0,8673787136.0,45834580.826,652559.65,3667892.333,1432821.0,4215324.286,0.0,66496522.5,23089.333,30255612.095
Low,0.0,0.0,0.0,0.1,0.0,0.0,0.0,0.0,0.0,0.0,0.0,0.0,0.0,8575451136.0,0.0,0.0,0.0,88319.667,528.143,0.0,5.0,7010.0,0.0
Overall Average,13331061.42495034,620847.2866949203,0.0,66094435.266438365,164830343.71404108,51413177928960.07,38403587717837.97,62358738432278.63,29887225244945.184,12372578086525.87,28841461620851.33,12443568686361.295,36894427860.41896,8663854375.452055,7643587.445726026,214375.5582694064,1275526.4783150684,410018.1597198202,2130519.853260274,0.0,65585611.30136986,15198.550260273973,15417501.231554795
Standard Deviation,12849297.589805605,360345.14590183593,0.0,36684913.15861556,91479035.62747853,90366861145114.92,94125309637991.0,87781317745183.33,75571033919958.8,31562811309595.47,70580359211742.66,6703370824116.262,20940036057.619343,9820943.561992185,10322858.825259756,304738.9716249252,1010837.8455920004,467394.76834306197,1223371.414970486,0.0,7729337.827321633,6785.022258942907,8171759.820080269
