,block,cpu,ib,ib_ext,ib_sw,intel_hsw,intel_hsw_cbo,intel_hsw_hau,intel_hsw_imc,intel_hsw_pcu,intel_hsw_qpi,intel_hsw_r2pci,intel_rapl,mem,net,nfs,numa,proc,ps,sysv_shm,tmpfs,vfs,vm
High,8036291.0,17142.0,0.0,177012627470.0,441922486979.0,511709928217.0,53659016592.0,904981250783.0,3127121725.0,22779128750.0,17257461302.0,267619837269.0,1398789070.0,8798516480.0,65014153.0,166488.0,440040.0,1631297.0,613496.0,0.0,65751042.0,31184.0,4544996.0
Low,0.0,17138.0,0.0,177012627470.0,441922486979.0,488073663698.0,44009385496.0,901954371999.0,2617233719.0,8596954856.0,13834041809.0,227185929620.0,53997061.0,8637207296.0,24335.0,0.0,84792.0,76504.0,613496.0,0.0,65751042.0,31184.0,4544996.0
Overall Average,4074916.25,17141.833333333332,0.0,177012627470.0,441922486979.0,499575774574.0833,48657553647.958336,903449026140.25,2839447103.125,15688041803.0,15724490055.0,247402883444.5,726393065.5,8717861888.0,16073480.0,33297.8,262416.0,412527.21875,613496.0,0.0,65751042.0,31184.0,4544996.0
Standard Deviation,2843086.024369064,0.7993052538854533,0.0,0.0,0.0,5996182141.320023,2652155941.097845,1478156130.8936212,211009364.41654447,7091086947.0,1411113758.8456998,20216953824.5,672396004.5,80654592.0,24983230.64201468,66595.10000112622,177624.0,489718.77914489957,0.0,0.0,0.0,0.0,0.0
