,block,cpu,ib,ib_ext,ib_sw,intel_hsw,intel_hsw_cbo,intel_hsw_hau,intel_hsw_imc,intel_hsw_pcu,intel_hsw_qpi,intel_hsw_r2pci,intel_rapl,mem,net,nfs,numa,proc,ps,sysv_shm,tmpfs,vfs,vm
High,2208900574.0,302972.0,0.0,80424369.0,200502760.0,291132157865834.0,284215944060236.0,296723938188906.0,225389781060590.0,94841035392936.0,211645796962844.0,21889270791317.0,18523042748.0,10056480000.0,30869924.0,98237027.0,60675803.0,2269506.0,4299361.0,0.0,0.0,52865.0,2863126867.0
Low,0.0,302793.0,0.0,80424369.0,200502760.0,289008632238045.0,282248705340230.0,296582124151912.0,225273767270478.0,47017398829182.0,211511605236594.0,21888272846644.0,15669894374.0,8632954624.0,939.0,4727.0,293332.0,48442.0,4299361.0,0.0,0.0,52865.0,2863126867.0
Overall Average,1118286445.25,302921.4166666667,0.0,80424369.0,200502760.0,290098656301278.3,282515866492831.8,296656779735497.25,225333206862616.62,70929217111059.0,211579095155762.25,21888771818980.5,17096468561.0,9344717312.0,7055726.2,25529424.75,30484567.5,764384.9290322581,4299361.0,0.0,0.0,52865.0,2863126867.0
Standard Deviation,1088735698.8816278,71.81742863369278,0.0,0.0,0.0,735517845149.8892,548904956607.6739,67362208646.50161,56577419298.802666,23911818281877.0,57544297194.55247,498972336.5,1426574187.0,711762688.0,11934694.791237729,42007421.17479857,30191235.5,796549.1514840598,0.0,0.0,0.0,0.0,0.0
