,block,cpu,ib,ib_ext,ib_sw,intel_hsw,intel_hsw_cbo,intel_hsw_hau,intel_hsw_imc,intel_hsw_pcu,intel_hsw_qpi,intel_hsw_r2pci,intel_rapl,mem,net,nfs,numa,proc,ps,sysv_shm,tmpfs,vfs,vm
High,10007462.0,77141.0,0.0,9886430.0,24600372.0,1534183199481.0,75706955484.0,2897907807911.0,105452595.0,2222579347472.0,153867056.0,266893192508.0,2841017382.0,8727604736.0,2944435.0,4.298270463764264e+18,321214.0,1662695.0,341479.0,0.0,65964034.0,39973.0,5541366.0
Low,0.0,77077.0,0.0,9886430.0,24600372.0,16251898950.0,16266785642.0,2895005581241.0,57502647.0,1090045475749.0,102043639.0,229315010676.0,1499491703.0,8715796224.0,13551.0,0.0,152500.0,133501.0,341479.0,0.0,65964034.0,39973.0,5541366.0
Overall Average,5020423.25,77128.29166666667,0.0,9886430.0,24600372.0,1377541319704.5,43334354143.75,2896451817113.5,76688744.875,1656312411610.5,128058230.5,248104101592.0,2170254542.5,8721700480.0,1089465.6,7.163784106274072e+17,236857.0,465228.30303030304,341479.0,0.0,65964034.0,39973.0,5541366.0
Standard Deviation,3539205.5107105165,13.755238900950511,0.0,0.0,0.0,284700461069.9664,14726414162.752714,1446244556.6431792,15607471.73049536,566266935861.5,18389919.22317777,18789090916.0,670762839.5,5904256.0,1055501.899806836,1.60187082377606e+18,84357.0,479576.3476926393,0.0,0.0,0.0,0.0,0.0
