,block,cpu,ib,ib_ext,ib_sw,intel_hsw,intel_hsw_cbo,intel_hsw_hau,intel_hsw_imc,intel_hsw_pcu,intel_hsw_qpi,intel_hsw_r2pci,intel_rapl,mem,net,nfs,numa,proc,ps,sysv_shm,tmpfs,vfs,vm
High,3635168191.0,8597.0,0.0,40660513.0,101615890.0,438359343259.0,43409907694.0,472311268242.0,10578907495.0,69869637661.0,39687653038.0,203112230696.0,1371812086.0,11182386176.0,17336592.0,22403.0,4895075.0,3890230.0,5135403.0,0.0,15988756.0,109541.0,3805963546.0
Low,0.0,8506.0,0.0,40660513.0,101615890.0,29064393047.0,28623064984.0,469993358273.0,8769700316.0,29774651927.0,34475585208.0,188961404910.0,1370955874.0,10316145920.0,4829.0,0.0,1954372.0,37368.0,5135403.0,0.0,15988756.0,109541.0,3805963546.0
Overall Average,1815670925.5,8552.666666666666,0.0,40660513.0,101615890.0,277769842886.125,35226417600.208336,471148493740.75,9664478509.0,49822144794.0,37140520115.25,196036817803.0,1371383980.0,10749266048.0,3494836.4,7583.0,3424723.5,528101.5106382979,5135403.0,0.0,15988756.0,109541.0,3805963546.0
Standard Deviation,1815464041.0696063,20.705608472639053,0.0,0.0,0.0,146071390310.49323,3741413448.9030232,1153257895.173755,878118846.1852086,20047492867.0,2426488282.738744,7075412893.0,428106.0,433120128.0,6920895.742827589,10480.274455693738,1470351.5,736248.8462557552,0.0,0.0,0.0,0.0,0.0
