,block,cpu,ib,ib_ext,ib_sw,intel_hsw,intel_hsw_cbo,intel_hsw_hau,intel_hsw_imc,intel_hsw_pcu,intel_hsw_qpi,intel_hsw_r2pci,intel_rapl,mem,net,nfs,numa,proc,ps,sysv_shm,tmpfs,vfs,vm
High,1175175718.0,231428.0,0.0,11757679.0,29285602.0,7968124993846.0,3713007097914.0,12996517646039.0,464568333636.0,1112805428788.0,2577136851673.0,10397071573529.0,14320346895.0,10432540416.0,4216567.0,1.880493327902409e+18,52794133.0,20359149.0,10090114.0,0.0,0.0,7231.0,1281538080.0
Low,0.0,231424.0,0.0,11757679.0,29285602.0,7729941994298.0,3151121632378.0,12499238693311.0,377616913562.0,102101766024.0,2450873701060.0,10130893172473.0,14317537980.0,10179596288.0,0.0,0.0,52547460.0,1121277.0,10090114.0,0.0,0.0,7231.0,1281538080.0
Overall Average,596781075.5,231426.25,0.0,11757679.0,29285602.0,7847337148726.792,3410649705312.0835,12747940856832.5,420584616674.625,607453597406.0,2514337127724.5,10263982373001.0,14318942437.5,10306068352.0,1317991.5,6.268311093008032e+17,52670796.5,8534885.76923077,10090114.0,0.0,0.0,7231.0,1281538080.0
Standard Deviation,577331049.7350571,1.0897247358851685,0.0,0.0,0.0,90823214921.7115,169926008227.5945,248575606325.5519,41928901429.94063,505351831382.0,62367341332.612854,133089200528.0,1404457.5,126472064.0,1501347.059397965,8.864730560905673e+17,123336.5,7144715.792841374,0.0,0.0,0.0,0.0,0.0
