,block,cpu,ib,ib_ext,ib_sw,intel_hsw,intel_hsw_cbo,intel_hsw_hau,intel_hsw_imc,intel_hsw_pcu,intel_hsw_qpi,intel_hsw_r2pci,intel_rapl,mem,net,nfs,numa,proc,ps,sysv_shm,tmpfs,vfs,vm
High,6489069325.0,17140.0,0.0,2734001.0,6822487.0,618580908731.0,364834079523.0,999290180730.0,50594694830.0,42171233176.0,211553722988.0,739649679476.0,1408418333.0,11690125056.0,581867.0,79053.0,7910536.0,4601511.0,7302479.0,0.0,23875607.0,67392.0,6795757803.0
Low,0.0,16986.0,0.0,2734001.0,6822487.0,184405970665.0,192868358990.0,971053376228.0,40132052571.0,17694599404.0,171348390108.0,717985855524.0,60171175.0,9840611584.0,4913.0,424.0,4512583.0,37361.0,7302479.0,0.0,23875607.0,67392.0,6795757803.0
Overall Average,3242273842.25,17099.208333333332,0.0,2734001.0,6822487.0,458307813330.3333,268194305448.08334,985170449828.25,45344023480.375,29932916290.0,191307346067.5,728817767500.0,734294754.0,10765368320.0,260365.0,26633.666666666668,6211559.5,1155959.7674418604,7302479.0,0.0,23875607.0,67392.0,6795757803.0
Standard Deviation,3241922039.290106,41.12478892211958,0.0,0.0,0.0,123804275577.9489,63948228237.59639,14104848027.702747,5165886520.896393,12238316886.0,19773561150.578674,10831911976.0,674123579.0,924756736.0,238720.50879888807,37066.06606527803,1698976.5,1134707.1651590532,0.0,0.0,0.0,0.0,0.0
