,block,cpu,ib,ib_ext,ib_sw,intel_hsw,intel_hsw_cbo,intel_hsw_hau,intel_hsw_imc,intel_hsw_pcu,intel_hsw_qpi,intel_hsw_r2pci,intel_rapl,mem,net,nfs,numa,proc,ps,sysv_shm,tmpfs,vfs,vm
High,342498598.0,25714.0,0.0,1812398.0,4513314.0,895539254477.0,177613743072.0,1379701873803.0,15210358186.0,73730707968.0,55773312558.0,595555888140.0,1425586530.0,8647164160.0,627855.0,25370.0,81511158.0,2739469.0,488240.0,0.0,0.0,38720.0,430403342.0
Low,0.0,25705.0,0.0,1812398.0,4513314.0,821474193014.0,161768958364.0,1378484877973.0,14791693998.0,72167938495.0,54153379586.0,594343062334.0,81627920.0,8625710080.0,385.0,0.0,80379357.0,1121223.0,488240.0,0.0,0.0,38720.0,430403342.0
Overall Average,177288471.5,25709.541666666668,0.0,1812398.0,4513314.0,856534851385.25,168382171616.20834,1379089583920.25,15005148815.5,72949323231.5,54938888223.0,594949475237.0,753607225.0,8636437120.0,302078.6,5712.6,80945257.5,1596756.9,488240.0,0.0,0.0,38720.0,430403342.0
Standard Deviation,164516627.93262035,2.1209110987707356,0.0,0.0,0.0,17335832626.48479,4499796595.641036,602276003.1390245,192303100.60148072,781384736.5,736502301.4841553,606412903.0,671979305.0,10727040.0,245060.79963356032,9862.074905414174,565900.5,599401.7179395552,0.0,0.0,0.0,0.0,0.0
