,block,cpu,ib,ib_ext,ib_sw,intel_hsw,intel_hsw_cbo,intel_hsw_hau,intel_hsw_imc,intel_hsw_pcu,intel_hsw_qpi,intel_hsw_r2pci,intel_rapl,mem,net,nfs,numa,proc,ps,sysv_shm,tmpfs,vfs,vm
High,1617570.0,34285.0,0.0,6279347.0,15668286.0,965576746613.0,857433132140.0,2023110067817.0,177031376117.0,395389679749.0,312583991747.0,1761899351422.0,2832797390.0,11161720576.0,1363881.0,23205.0,2065937.0,4461364.0,14058223.0,0.0,3581957.0,38073.0,5717438.0
Low,0.0,34030.0,0.0,6279347.0,15668286.0,318262329531.0,155610406195.0,1987307721928.0,92744930510.0,162664509904.0,227281562580.0,1353831350572.0,2794277745.0,10013842688.0,82623.0,8.0,155100.0,37359.0,14058223.0,0.0,3581957.0,38073.0,5717438.0
Overall Average,823645.5,34149.208333333336,0.0,6279347.0,15668286.0,622507783409.875,489276853563.3333,2005202827143.75,134867495103.5,279027094826.5,269942908024.5,1557865350997.0,2813537567.5,10587781632.0,586341.6,4702.8,1110518.5,552615.8644067796,14058223.0,0.0,3581957.0,38073.0,5717438.0
Standard Deviation,574300.6329939485,93.33317522308036,0.0,0.0,0.0,230921092030.8642,324275189730.9264,17887087861.701313,41953411977.091995,116362584922.5,42617647105.59341,204034000425.0,19259822.5,573938944.0,550026.2224198406,9251.28171444368,955418.5,969541.8022291656,0.0,0.0,0.0,0.0,0.0
