,block,cpu,ib,ib_ext,ib_sw,intel_hsw,intel_hsw_cbo,intel_hsw_hau,intel_hsw_imc,intel_hsw_pcu,intel_hsw_qpi,intel_hsw_r2pci,intel_rapl,mem,net,nfs,numa,proc,ps,sysv_shm,tmpfs,vfs,vm
High,6041212.0,51426.0,0.0,160370660.0,400764192.0,1310490716013.0,143659433199.0,2769018181138.0,33210900219.0,1462238996797.0,198509706129.0,871833050844.0,2805890376.0,9691515648.0,67436941.0,1006.0,148675457.0,4037598.0,41618977.0,0.0,0.0,35650.0,67590344.0
Low,0.0,50955.0,0.0,160370660.0,400764192.0,1095791337.0,94147133529.0,2758249661544.0,26955917152.0,1460613852355.0,146403659466.0,720973790461.0,2793974835.0,9508696576.0,511.0,0.0,208545.0,48727.0,41618977.0,0.0,0.0,35650.0,67590344.0
Overall Average,3053941.5,51327.708333333336,0.0,160370660.0,400764192.0,484907736868.9167,119963793242.83333,2763590604405.5,30119056650.0,1461426424576.0,174677984873.25,796403420652.5,2799932605.5,9600106112.0,13902737.2,335.3333333333333,74442001.0,605233.5789473684,41618977.0,0.0,0.0,35650.0,67590344.0
Standard Deviation,2162985.052338261,150.1375700168201,0.0,0.0,0.0,530034873464.51874,14131747672.47146,5292767933.209043,3002374198.366426,812572221.0,22921396817.195866,75429630191.5,5957770.5,91409536.0,26768969.002368696,474.2329479157779,74233456.0,932503.2207725564,0.0,0.0,0.0,0.0,0.0
