,block,cpu,ib,ib_ext,ib_sw,intel_hsw,intel_hsw_cbo,intel_hsw_hau,intel_hsw_imc,intel_hsw_pcu,intel_hsw_qpi,intel_hsw_r2pci,intel_rapl,mem,net,nfs,numa,proc,ps,sysv_shm,tmpfs,vfs,vm
High,18407106525.0,43003.0,0.0,8253743.0,20602102.0,1479717137973.0,195500579548.0,1850431365502.0,23570336926.0,518099473954.0,46070301978.0,455624865752.0,2785976970.0,11694939904.0,3301492.0,2.5968717385319086e+18,5145931.0,2116967.0,2232291.0,0.0,46229546.0,19584.0,19280738105.0
Low,0.0,42088.0,0.0,8253743.0,20602102.0,1084380064247.0,163536852455.0,1841267282837.0,21795830356.0,469205275438.0,44440614757.0,431062012511.0,1435561852.0,11690934528.0,9229.0,0.0,4887217.0,34943.0,2232291.0,0.0,46229546.0,19584.0,19280738105.0
Overall Average,9203071809.25,42800.166666666664,0.0,8253743.0,20602102.0,1341102189237.3333,179530323718.29166,1845848953424.5,22680770778.875,493652374696.0,45268778925.0,443343439131.5,2110769411.0,11692937216.0,811969.6,8.65623912843989e+17,5016574.0,1241208.85,2232291.0,0.0,46229546.0,19584.0,19280738105.0
Standard Deviation,9199173851.295183,161.6469060088136,0.0,0.0,0.0,90230781756.01851,8417851330.3664,4581668710.655101,843988526.414264,24447099258.0,768778931.9952285,12281426620.5,675207559.0,2002688.0,1252798.5051516623,1.224177077458394e+18,129357.0,681495.5048924957,0.0,0.0,0.0,0.0,0.0
