,block,cpu,ib,ib_ext,ib_sw,intel_hsw,intel_hsw_cbo,intel_hsw_hau,intel_hsw_imc,intel_hsw_pcu,intel_hsw_qpi,intel_hsw_r2pci,intel_rapl,mem,net,nfs,numa,proc,ps,sysv_shm,tmpfs,vfs,vm
High,81458916.0,565754.0,0.0,5538042585265.0,13833500540455.0,17480238153665.0,2075890144274.0,29690142943898.0,107190790568.0,4471746654086.0,688534712326.0,8573047711804.0,31468853945.0,8679744512.0,90747379.0,171631.0,1391381.0,1554524.0,2657819.0,0.0,65751042.0,15896.0,47313905.0
Low,932.0,565672.0,0.0,5538042585265.0,13833500540455.0,16438336128982.0,1684875283497.0,27568671702303.0,24719002699.0,217675230599.0,498014897514.0,7635636976329.0,27290939915.0,8676438784.0,0.0,0.0,1292730.0,76284.0,2657819.0,0.0,65751042.0,15896.0,47313905.0
Overall Average,40746928.5,565718.1666666666,0.0,5538042585265.0,13833500540455.0,16989782657141.209,1859992286106.7083,28629992946190.5,64966368311.375,2344710942342.5,607378154581.5,8104342344066.5,29379896930.0,8678091648.0,17670333.333333332,85815.5,1342055.5,395523.21875,2657819.0,0.0,65751042.0,15896.0,47313905.0
Standard Deviation,28872958.85613825,26.801223023503155,0.0,0.0,0.0,294454181348.9658,89807413808.84355,1060111140280.4703,40125653242.36485,2127035711743.5,80875846131.43489,468705367737.5,2088957015.0,1652864.0,32762521.820115633,85815.5,49325.5,486604.1098198909,0.0,0.0,0.0,0.0,0.0
