,block,cpu,ib,ib_ext,ib_sw,intel_hsw,intel_hsw_cbo,intel_hsw_hau,intel_hsw_imc,intel_hsw_pcu,intel_hsw_qpi,intel_hsw_r2pci,intel_rapl,mem,net,nfs,numa,proc,ps,sysv_shm,tmpfs,vfs,vm
High,207758586.0,2338001.0,0.0,519809581.0,1297769960.0,591556093544063.0,563836629914275.0,599874555956220.0,450383125200230.0,202869708639326.0,422446449523744.0,38864372367158.0,120180924514.0,8744370432.0,210261376.0,7.163784106294971e+17,5247608.0,1644547.0,1772902707.0,0.0,13.0,24264.0,114513733.0
Low,0.0,2337585.0,0.0,519809581.0,1297769960.0,576945862490460.0,563748459493112.0,598862721725200.0,450381421431298.0,194073272231420.0,422415731746954.0,38763313641082.0,115976801785.0,8642055680.0,176438.0,0.0,5074032.0,90183.0,1772902707.0,0.0,13.0,24264.0,114513733.0
Overall Average,103936566.75,2337975.875,0.0,519809581.0,1297769960.0,590524992449578.0,563791185468078.9,599368637134724.2,450382170304447.6,198471490435373.0,422432182012460.25,38813843004120.0,118078863149.5,8693213056.0,48805231.8,1.4071718780240754e+17,5160820.0,308430.4035087719,1772902707.0,0.0,13.0,24264.0,114513733.0
Standard Deviation,73680872.16740915,82.10070670625599,0.0,0.0,0.0,2840540401738.9517,22856072368.81998,505873521157.6906,728739460.6248626,4398218203953.0,10967158359.212337,50529363038.0,2102061364.5,51157376.0,81027638.07696185,2.5263107239953517e+17,86788.0,414216.4473214143,0.0,0.0,0.0,0.0,0.0
