,block,cpu,ib,ib_ext,ib_sw,intel_hsw,intel_hsw_cbo,intel_hsw_hau,intel_hsw_imc,intel_hsw_pcu,intel_hsw_qpi,intel_hsw_r2pci,intel_rapl,mem,net,nfs,numa,proc,ps,sysv_shm,tmpfs,vfs,vm
High,1923950.0,17142.0,0.0,6649136.0,16602439.0,384966084054.0,19488802846.0,906947018159.0,3398585495.0,32434155706.0,3510180620.0,113545973540.0,1374628417.0,9525387520.0,24561797.0,26285913.0,200983.0,2768460.0,1864859.0,0.0,0.0,81790.0,1140525.0
Low,0.0,17013.0,0.0,6649136.0,16602439.0,231237400.0,9742988524.0,898049728840.0,41618114.0,7171021438.0,3221290451.0,89571042100.0,46487742.0,9475695616.0,657.0,0.0,9675.0,36095.0,1864859.0,0.0,0.0,81790.0,1140525.0
Overall Average,976256.25,17131.875,0.0,6649136.0,16602439.0,172801796725.08334,13499630453.291666,902499299791.0,1716857681.75,19802588572.0,3369952961.0,101558507820.0,710558079.5,9500541568.0,10204158.4,7576031.6,105329.0,316846.7804878049,1864859.0,0.0,0.0,81790.0,1140525.0
Standard Deviation,680853.1305540039,26.342792341233178,0.0,0.0,0.0,137096460357.83177,3395563886.926256,4447531190.40108,1664340840.3061352,12631567134.0,132981857.49969348,11987465720.0,664070337.5,24845952.0,11417526.51428439,10295755.122753194,95654.0,588668.5177634193,0.0,0.0,0.0,0.0,0.0
