,block,cpu,ib,ib_ext,ib_sw,intel_hsw,intel_hsw_cbo,intel_hsw_hau,intel_hsw_imc,intel_hsw_pcu,intel_hsw_qpi,intel_hsw_r2pci,intel_rapl,mem,net,nfs,numa,proc,ps,sysv_shm,tmpfs,vfs,vm
High,7042316.0,34280.0,0.0,125333605.0,312948036.0,807379172365.0,361688421081.0,1882305615715.0,40905669998.0,34327990353.0,275977907384.0,1417047067260.0,1468184111.0,12071373824.0,52103089.0,164952.0,2458520.0,1376809.0,799727.0,0.0,65751042.0,9298.0,5074021.0
Low,0.0,34270.0,0.0,125333605.0,312948036.0,778940792497.0,315506848863.0,1878436863427.0,40243574708.0,31048982708.0,270654226224.0,1362201975667.0,1464825020.0,11861587200.0,14022.0,0.0,2365122.0,817568.0,799727.0,0.0,65751042.0,9298.0,5074021.0
Overall Average,3521402.25,34277.375,0.0,125333605.0,312948036.0,793986789884.625,335938743938.6667,1880375314716.75,40566701754.125,32688486530.5,273314064428.5,1389624521463.5,1466504565.5,11966480512.0,10949082.8,82476.0,2411821.0,944491.34375,799727.0,0.0,65751042.0,9298.0,5074021.0
Standard Deviation,2489902.0627707806,2.4292059745247347,0.0,0.0,0.0,7054689170.401651,13783564514.674747,1902900250.3649294,296104610.0387045,1639503822.5,2656702426.886891,27422545796.5,1679545.5,104893312.0,20581323.596944463,82476.0,46699.0,178881.3652332897,0.0,0.0,0.0,0.0,0.0
