,block,cpu,ib,ib_ext,ib_sw,intel_hsw,intel_hsw_cbo,intel_hsw_hau,intel_hsw_imc,intel_hsw_pcu,intel_hsw_qpi,intel_hsw_r2pci,intel_rapl,mem,net,nfs,numa,proc,ps,sysv_shm,tmpfs,vfs,vm
High,7965488.0,34286.0,0.0,4784040503.0,11951923555.0,851784904759.0,920961745112.0,2094780162666.0,219212842507.0,16917301928.0,406695011434.0,2156339976912.0,2836734125.0,8672918272.0,1003946.0,164573.0,214848.0,1523114.0,156225.0,0.0,65800194.0,23238.0,4441805.0
Low,0.0,34284.0,0.0,4784040503.0,11951923555.0,816722427165.0,725827813767.0,2080062949812.0,207566242616.0,14577618168.0,406575828811.0,2154003402344.0,1494545109.0,8668741120.0,52389.0,11364.0,172415.0,94633.0,156225.0,0.0,65800194.0,23238.0,4441805.0
Overall Average,4022021.0,34285.0,0.0,4784040503.0,11951923555.0,834110391495.75,801839067305.75,2087412989814.5,213358710308.75,15747460048.0,406650342767.0,2155171689628.0,2165639617.0,8670829696.0,589795.4,68136.0,193631.5,407259.40625,156225.0,0.0,65800194.0,23238.0,4441805.0
Standard Deviation,2817763.9147163304,0.28867513459481287,0.0,0.0,0.0,10989093996.8013,53801568905.78905,7339720070.191895,5385090428.44149,1169841880.0,46186524.98218773,1168287284.0,671094508.0,2088576.0,409173.60713838815,68547.95688178217,21216.5,477092.8600881763,0.0,0.0,0.0,0.0,0.0
