,block,cpu,ib,ib_ext,ib_sw,intel_hsw,intel_hsw_cbo,intel_hsw_hau,intel_hsw_imc,intel_hsw_pcu,intel_hsw_qpi,intel_hsw_r2pci,intel_rapl,mem,net,nfs,numa,proc,ps,sysv_shm,tmpfs,vfs,vm
High,8611810.0,51424.0,0.0,125344501.0,312961481.0,1207143671063.0,530892907988.0,2831238442448.0,65182783941.0,40332131107.0,418408610081.0,2143438194653.0,4225356295.0,11757899520.0,52010530.0,165016.0,2382723.0,1414665.0,915332.0,0.0,65751042.0,9450.0,6051803.0
Low,0.0,51420.0,0.0,125344501.0,312961481.0,1151741522354.0,481524740718.0,2830390985094.0,64760582524.0,39083549728.0,416260658078.0,2104539595267.0,2884159906.0,11690151168.0,0.0,56587.0,2257823.0,776852.0,915332.0,0.0,65751042.0,9450.0,6051803.0
Overall Average,4319581.5,51422.083333333336,0.0,125344501.0,312961481.0,1189422710702.2083,505630325355.1667,2830780323901.5,64974733446.0,39707840417.5,417322309681.0,2123988894960.0,3554758100.5,11724025344.0,9361698.333333334,110801.5,2320273.0,915645.53125,915332.0,0.0,65751042.0,9450.0,6051803.0
Standard Deviation,3054777.718957101,0.9537935951882998,0.0,0.0,0.0,11766845458.263067,14441196649.865728,385351840.82255715,188305015.22658196,624290689.5,1047523936.9443101,19449299693.0,670598194.5,33874176.0,19083305.706092123,54214.5,62450.0,197000.3272827206,0.0,0.0,0.0,0.0,0.0
