,block,cpu,ib,ib_ext,ib_sw,intel_hsw,intel_hsw_cbo,intel_hsw_hau,intel_hsw_imc,intel_hsw_pcu,intel_hsw_qpi,intel_hsw_r2pci,intel_rapl,mem,net,nfs,numa,proc,ps,sysv_shm,tmpfs,vfs,vm
High,61211931851.0,320713.0,0.0,84379484.0,210699838.0,10777777346472.0,4127502300208.0,17794710548833.0,784915327831.0,13227389005.0,3239694286956.0,11335684155137.0,19991483630.0,9804239872.0,31416283.0,353515.0,38291671.0,4058653.0,138036567.0,0.0,0.0,25895.0,64099171229.0
Low,0.0,306045.0,0.0,84379484.0,210699838.0,901977089857.0,1871806458303.0,17346061616448.0,523813961688.0,7459517338.0,2218288121625.0,11305927646390.0,17218800991.0,9145587456.0,115189.0,1.0,28282001.0,46334.0,138036567.0,0.0,0.0,25895.0,64099171229.0
Overall Average,30586184340.25,308601.5,0.0,84379484.0,210699838.0,8090659363267.292,2740777404570.25,17570364735770.5,653682585608.125,10343453171.5,2733144835450.5,11320805900763.5,18605142310.5,9474913664.0,7733210.6,117897.66666666667,33286836.0,615990.1578947369,138036567.0,0.0,0.0,25895.0,64099171229.0
Standard Deviation,30574300161.845364,2638.4449965841623,0.0,0.0,0.0,2448536257936.5464,850426221504.9341,224238623463.86227,128976249530.36728,2883935833.5,503452957725.43054,14878254373.5,1386341319.5,329326208.0,11889490.369150272,166606.629658673,5004835.0,796302.927119663,0.0,0.0,0.0,0.0,0.0
