,block,cpu,ib,ib_ext,ib_sw,intel_hsw,intel_hsw_cbo,intel_hsw_hau,intel_hsw_imc,intel_hsw_pcu,intel_hsw_qpi,intel_hsw_r2pci,intel_rapl,mem,net,nfs,numa,proc,ps,sysv_shm,tmpfs,vfs,vm
High,22840380.0,248598.0,0.0,13206176.0,32887376.0,4251291077079.0,723229778927.0,5435948426684.0,118743366446.0,2203899038.0,390136771046.0,2383057522462.0,5779622035.0,8642465280.0,4834552.0,2.6864190398606144e+17,725450.0,1554518.0,928400.0,0.0,65961986.0,24596.0,12634348.0
Low,0.0,248569.0,0.0,13206176.0,32887376.0,4231908090096.0,618251069856.0,5369612092622.0,86759735504.0,549336029.0,269454648122.0,2370000790736.0,5757844482.0,8629401600.0,28386.0,0.0,520223.0,73529.0,928400.0,0.0,65961986.0,24596.0,12634348.0
Overall Average,11422054.75,248593.91666666666,0.0,13206176.0,32887376.0,4241154989605.0415,662079937295.1666,5402753641345.5,102738670068.5,1376617533.5,335429860436.0,2376529156599.0,5768733258.5,8635933440.0,1502207.4,1.3432095199303072e+17,622836.5,246319.20366972478,928400.0,0.0,65961986.0,24596.0,12634348.0
Standard Deviation,8086219.883785482,6.0547272624142385,0.0,0.0,0.0,5411816074.236408,35924355823.827065,33137659847.338783,15833352731.274569,827281504.5,55156172991.76286,6528365863.0,10888776.5,6531840.0,1751917.8276226998,1.3432095199303072e+17,102613.5,361571.3176976455,0.0,0.0,0.0,0.0,0.0
