,block,cpu,ib,ib_ext,ib_sw,intel_hsw,intel_hsw_cbo,intel_hsw_hau,intel_hsw_imc,intel_hsw_pcu,intel_hsw_qpi,intel_hsw_r2pci,intel_rapl,mem,net,nfs,numa,proc,ps,sysv_shm,tmpfs,vfs,vm
High,151469016.0,25713.0,0.0,3230813.0,8061025.0,744310826785.0,577315159591.0,1447208122834.0,60723887494.0,29904498266.0,279174550999.0,830528799110.0,1428634645.0,10748904192.0,1012738.0,90024.0,39314246.0,16902802.0,4298806.0,0.0,0.0,27620.0,187813634.0
Low,0.0,25546.0,0.0,3230813.0,8061025.0,298084912422.0,126434322666.0,1362312127055.0,7309990546.0,12420835000.0,163123094665.0,754627498892.0,1417244473.0,9464919808.0,781.0,13.0,13269373.0,28592.0,4298806.0,0.0,0.0,27620.0,187813634.0
Overall Average,75936584.0,25693.458333333332,0.0,3230813.0,8061025.0,432744366337.2083,313796123298.375,1404762867320.5,33933686157.5,21162666633.0,221140167627.5,792578149001.0,1422939559.0,10106912000.0,307797.6,45018.5,26291809.5,1161037.5238095238,4298806.0,0.0,0.0,27620.0,187813634.0
Standard Deviation,75488450.18979274,40.61709324765731,0.0,0.0,0.0,116526452533.64792,185467690955.53876,42442793016.790924,26616791521.823555,8741831633.0,57996891156.33991,37950650109.0,5695086.0,641992192.0,363100.27294156636,45005.5,13022436.5,3206346.697230415,0.0,0.0,0.0,0.0,0.0
