,block,cpu,ib,ib_ext,ib_sw,intel_hsw,intel_hsw_cbo,intel_hsw_hau,intel_hsw_imc,intel_hsw_pcu,intel_hsw_qpi,intel_hsw_r2pci,intel_rapl,mem,net,nfs,numa,proc,ps,sysv_shm,tmpfs,vfs,vm
High,1623207247.0,180034.0,0.0,9405555.0,23423229.0,6907407976825.0,1956956662987.0,8445986417873.0,116077423501.0,1368021755117.0,237469628614.0,5505334388367.0,10031780209.0,8709293568.0,3451503.0,26202.0,75659320.0,,7774773.0,0.0,0.0,13177.0,1766794250.0
Low,0.0,179958.0,0.0,9405555.0,23423229.0,6818064284617.0,1803188340324.0,8432476911760.0,112053810985.0,1356037877494.0,236790979889.0,5435854488561.0,8678042488.0,8625424640.0,294.0,0.0,75548676.0,,7774773.0,0.0,0.0,13177.0,1766794250.0
Overall Average,819653355.5,179997.70833333334,0.0,9405555.0,23423229.0,6861409209738.583,1866041092726.8333,8439214666493.25,114066388314.25,1362029816305.5,237089965885.75,5470594438464.0,9354911348.5,8667359104.0,1068864.8,8734.333333333334,75603998.0,,7774773.0,0.0,0.0,13177.0,1766794250.0
Standard Deviation,801484154.0695935,24.5297084618269,0.0,0.0,0.0,26995947489.012314,54153272056.207245,6737446750.692687,1952712256.557662,5991938811.5,298831340.7724948,34739949903.0,676868860.5,41934464.0,1255054.6791826086,12351.505558253031,55322.0,,0.0,0.0,0.0,0.0,0.0
