,block,cpu,ib,ib_ext,ib_sw,intel_hsw,intel_hsw_cbo,intel_hsw_hau,intel_hsw_imc,intel_hsw_pcu,intel_hsw_qpi,intel_hsw_r2pci,intel_rapl,mem,net,nfs,numa,proc,ps,sysv_shm,tmpfs,vfs,vm
High,52396867.0,8573.0,0.0,1601511.0,3995602.0,111686714763.0,15479783840.0,192218107266.0,5329387191.0,31152687762.0,7364229306.0,78695457990.0,17792095.0,8834592768.0,631012.0,695188.0,439123.0,2192083.0,65516.0,0.0,0.0,29077.0,57602913.0
Low,0.0,8568.0,0.0,1601511.0,3995602.0,92708498359.0,8529426007.0,184526860094.0,1815589452.0,12101842.0,7303771126.0,68164029632.0,13892261.0,8669993472.0,0.0,0.0,14289.0,47980.0,65516.0,0.0,0.0,29077.0,57602913.0
Overall Average,25974589.25,8571.791666666666,0.0,1601511.0,3995602.0,105292077180.45833,11729383045.416666,188371719409.5,3577076018.25,15582394802.0,7332159982.5,73429743811.0,15842178.0,8752293120.0,145935.2,122462.5,226706.0,396698.75471698114,65516.0,0.0,0.0,29077.0,57602913.0
Standard Deviation,25794608.934506133,1.8022940628235142,0.0,0.0,0.0,4562100399.022384,2879125418.78357,3844810888.387025,1745106835.5131788,15570292960.0,26756961.272748906,5265714179.0,1949917.0,82299648.0,243201.9729487407,256496.50240354156,212417.0,587160.6746595331,0.0,0.0,0.0,0.0,0.0
