,block,cpu,ib,ib_ext,ib_sw,intel_hsw,intel_hsw_cbo,intel_hsw_hau,intel_hsw_imc,intel_hsw_pcu,intel_hsw_qpi,intel_hsw_r2pci,intel_rapl,mem,net,nfs,numa,proc,ps,sysv_shm,tmpfs,vfs,vm
High,1729251.0,34401.0,0.0,19496156.0,48697616.0,1005023104110.0,114533826763.0,1871721355950.0,32286205059.0,1010833876408.0,30979169294.0,553883470413.0,1419085728.0,9069995264.0,7550999.0,,138422.0,4579115.0,32211114.0,0.0,53047371.0,67513.0,1258493.0
Low,0.0,33697.0,0.0,19496156.0,48697616.0,460564480.0,44917642.0,1737597741821.0,19882755.0,2269309362.0,30859991775.0,153709811113.0,1382288085.0,8626838016.0,121092.0,,134982.0,37358.0,32211114.0,0.0,53047371.0,67513.0,1258493.0
Overall Average,924823.25,34223.208333333336,0.0,19496156.0,48697616.0,172119757448.54166,39357978095.041664,1804655447582.25,16146350756.75,506551592885.0,30919128171.5,353796640763.0,1400686906.5,8848416640.0,1748260.2,,136702.0,688038.2564102564,32211114.0,0.0,53047371.0,67513.0,1258493.0
Standard Deviation,615485.1658148939,151.18944494867654,0.0,0.0,0.0,362932983307.81464,41009938510.46832,67057115497.310684,16101218599.746183,504282283523.0,58209705.00791204,200086829650.0,18398821.5,221578624.0,2906225.883438615,,1720.0,1348116.216463869,0.0,0.0,0.0,0.0,0.0
