,block,cpu,ib,ib_ext,ib_sw,intel_hsw,intel_hsw_cbo,intel_hsw_hau,intel_hsw_imc,intel_hsw_pcu,intel_hsw_qpi,intel_hsw_r2pci,intel_rapl,mem,net,nfs,numa,proc,ps,sysv_shm,tmpfs,vfs,vm
High,1106441294.0,77187.0,0.0,227195582.0,567751109.0,3076616527746.0,618021875000.0,4122356564464.0,28719879319.0,1718891958250.0,88245674955.0,2148153596536.0,4256512530.0,8632312832.0,96838733.0,35593176.0,49204987.0,3414911.0,758098.0,0.0,0.0,7638.0,1203345049.0
Low,0.0,77008.0,0.0,227195582.0,567751109.0,122976782247.0,548012728629.0,4078305927038.0,14369522440.0,449295880626.0,73350672567.0,1690453724434.0,2897829718.0,8612819968.0,90.0,0.0,43695174.0,1121277.0,758098.0,0.0,0.0,7638.0,1203345049.0
Overall Average,560960307.25,77128.70833333333,0.0,227195582.0,567751109.0,2016324034510.9167,584902763924.625,4100330878537.0,21545030057.875,1084093919438.0,80867360234.25,1919303660485.0,3577171124.0,8622566400.0,19561074.2,8899456.5,46450080.5,1884213.1818181819,758098.0,0.0,0.0,7638.0,1203345049.0
Standard Deviation,543635189.0852087,31.141450360501125,0.0,0.0,0.0,1103410340340.416,23985499382.667664,22024603226.6833,7150715444.096944,634798038812.0,7358887816.895088,228849936051.0,679341406.0,9746432.0,38639349.9284734,15411626.255913967,2754906.5,790470.0917348104,0.0,0.0,0.0,0.0,0.0
