,block,cpu,ib,ib_ext,ib_sw,intel_hsw,intel_hsw_cbo,intel_hsw_hau,intel_hsw_imc,intel_hsw_pcu,intel_hsw_qpi,intel_hsw_r2pci,intel_rapl,mem,net,nfs,numa,proc,ps,sysv_shm,tmpfs,vfs,vm
High,44653821.0,68548.0,0.0,230930317481.0,577008597540.0,2195005068001.0,384962423580.0,3547531357716.0,71347159462.0,196786663972.0,165893971518.0,1223117601290.0,2917716749.0,10223079424.0,5239246.0,924417.0,12120852.0,1414918.0,1898140.0,0.0,13.0,11006.0,91361253.0
Low,0.0,68395.0,0.0,230930317481.0,577008597540.0,2076956017922.0,325223125709.0,3526488827223.0,68178857096.0,182324050076.0,160892353977.0,1196445925486.0,2913112303.0,10199695360.0,77246.0,0.0,11971523.0,779220.0,1898140.0,0.0,13.0,11006.0,91361253.0
Overall Average,22343030.75,68452.70833333333,0.0,230930317481.0,577008597540.0,2159833664305.375,356175392695.125,3537016180042.0,69747387953.875,189555357024.0,163821578288.5,1209781763388.0,2915414526.0,10211387392.0,3167678.6,185075.2,12046187.5,931700.75,1898140.0,0.0,13.0,11006.0,91361253.0
Standard Deviation,15787916.011317492,40.051507635654474,0.0,0.0,0.0,27198038820.740353,17192844813.551292,10512549520.058674,1334908802.5320067,7231306948.0,2119777252.446278,13335837902.0,2302223.0,11692032.0,2351944.328095255,369671.0212918508,74664.5,204426.57386699997,0.0,0.0,0.0,0.0,0.0
