,block,cpu,ib,ib_ext,ib_sw,intel_hsw,intel_hsw_cbo,intel_hsw_hau,intel_hsw_imc,intel_hsw_pcu,intel_hsw_qpi,intel_hsw_r2pci,intel_rapl,mem,net,nfs,numa,proc,ps,sysv_shm,tmpfs,vfs,vm
High,9436380.0,68576.0,0.0,126023977.0,314657315.0,686652637504.0,284562543877.0,1520119396540.0,37717164888.0,14934185467.0,225159530692.0,1237982513608.0,2812657466.0,11692706560.0,52277813.0,165325.0,2368513.0,1550122.0,910029.0,0.0,65751042.0,13060.0,6533281.0
Low,0.0,68491.0,0.0,126023977.0,314657315.0,672779239602.0,251120624142.0,1518222505156.0,36216988475.0,12471348604.0,221203969831.0,1216009198770.0,1467217521.0,11632407296.0,0.0,0.0,2332949.0,776849.0,910029.0,0.0,65751042.0,13060.0,6533281.0
Overall Average,4718297.75,68560.375,0.0,126023977.0,314657315.0,677200406135.0416,264103429440.33334,1519184944112.75,36964557877.625,13702767035.5,223087624929.75,1226995856189.0,2139937493.5,11662556928.0,9318082.833333334,82662.5,2350731.0,919864.25,910029.0,0.0,65751042.0,13060.0,6533281.0
Standard Deviation,3345899.397532177,19.154661095061606,0.0,0.0,0.0,3171006089.079178,9834541925.13072,930566142.5723401,724649511.2301803,1231418431.5,1850934382.2286901,10986657419.0,672719972.5,30149632.0,19221001.602159493,82662.5,17782.0,208767.91840342712,0.0,0.0,0.0,0.0,0.0
