,block,cpu,ib,ib_ext,ib_sw,intel_hsw,intel_hsw_cbo,intel_hsw_hau,intel_hsw_imc,intel_hsw_pcu,intel_hsw_qpi,intel_hsw_r2pci,intel_rapl,mem,net,nfs,numa,proc,ps,sysv_shm,tmpfs,vfs,vm
High,74940749.0,8571.0,26644.0,263129882.0,657471349.0,280252981191.0,143765739674.0,478613542546.0,22158130415.0,26263688675.0,58438069053.0,281097022951.0,29755732.0,9916059904.0,58539734.0,12040.0,3241558.0,1343250.0,245676.0,0.0,0.0,35571.0,81100991.0
Low,0.0,8555.0,26644.0,263129882.0,657471349.0,3173849404.0,107910963187.0,468424033638.0,9079012009.0,3925218908.0,53802314342.0,267221334752.0,24997733.0,9304486400.0,0.0,0.0,1595213.0,48249.0,245676.0,0.0,0.0,35571.0,81100991.0
Overall Average,37521839.75,8569.208333333334,26644.0,263129882.0,657471349.0,236369931058.16666,123414888079.375,473517698798.5,15610307266.625,15094453791.5,56115748982.75,274159178851.5,27376732.5,9610273152.0,22380062.2,2603.0,2418385.5,564049.3666666667,245676.0,0.0,0.0,35571.0,81100991.0
Standard Deviation,37406097.03669449,3.673998351780916,0.0,0.0,0.0,87017507686.32164,11993941680.976994,5093363863.894122,6525765046.233773,11169234883.5,2305703166.9077044,6937844099.5,2378999.5,305786752.0,27415056.29291868,4289.041384738553,823172.5,547624.2763445562,0.0,0.0,0.0,0.0,0.0
