,block,cpu,ib,ib_ext,ib_sw,intel_hsw,intel_hsw_cbo,intel_hsw_hau,intel_hsw_imc,intel_hsw_pcu,intel_hsw_qpi,intel_hsw_r2pci,intel_rapl,mem,net,nfs,numa,proc,ps,sysv_shm,tmpfs,vfs,vm
High,63566418.0,265707.0,0.0,538755034247.0,1320461396612.0,9332391004066.0,1485154840099.0,14551573781902.0,322471487760.0,70681017221.0,621364002944.0,4326674627548.0,15724963946.0,9273182464.0,70406191.0,11079170.0,19612536.0,1662450.0,6302652.0,0.0,13.0,26740.0,47711312.0
Low,0.0,265614.0,0.0,538755034247.0,1320461396612.0,8160192261271.0,862649362904.0,14327289898495.0,212719181540.0,40689309686.0,610371287537.0,4178135018082.0,14320541229.0,9050175232.0,261965.0,0.0,4292487.0,294434.0,6302652.0,0.0,13.0,26740.0,47711312.0
Overall Average,31788889.75,265687.5833333333,0.0,538755034247.0,1320461396612.0,8933592953161.875,1139649520957.4167,14439558973631.0,267507797414.0,55685163453.5,615823274300.25,4252404822815.0,15022752587.5,9161678848.0,14782449.8,2216574.8,11952511.5,579080.9032258064,6302652.0,0.0,13.0,26740.0,47711312.0
Standard Deviation,22885024.936415453,23.76256977311634,0.0,0.0,0.0,294977844859.9758,220185216104.5754,111926514760.48378,54310745706.02523,14995853767.5,4623936846.792862,74269804733.0,702211358.5,111503616.0,27816924.561694205,4431297.677401796,7660024.5,370968.5725221473,0.0,0.0,0.0,0.0,0.0
