,block,cpu,ib,ib_ext,ib_sw,intel_hsw,intel_hsw_cbo,intel_hsw_hau,intel_hsw_imc,intel_hsw_pcu,intel_hsw_qpi,intel_hsw_r2pci,intel_rapl,mem,net,nfs,numa,proc,ps,sysv_shm,tmpfs,vfs,vm
High,13524977.0,248571.0,0.0,186692073.0,466484146.0,8401716057828.0,1493322136993.0,12763632436798.0,147447402754.0,139777607804.0,593083966144.0,3477677785284.0,14305900508.0,8788968448.0,78792059.0,167258.0,664039.0,1617794.0,869501.0,0.0,66023426.0,10442.0,7725849.0
Low,0.0,248570.0,0.0,186692073.0,466484146.0,7909267738746.0,749432186138.0,12577988116674.0,42867587185.0,90012047372.0,347761704401.0,3369947391772.0,14282740601.0,8639577088.0,109870.0,0.0,627623.0,70110.0,869501.0,0.0,66023426.0,10442.0,7725849.0
Overall Average,6762725.75,248570.83333333334,0.0,186692073.0,466484146.0,8217008745310.333,1083295916052.6666,12670808299566.5,95068238676.375,114894827588.0,476280013318.0,3423812588528.0,14294320554.5,8714272768.0,16747471.4,111505.33333333333,645831.0,395280.71875,869501.0,0.0,66023426.0,10442.0,7725849.0
Standard Deviation,4792801.5913914265,0.372677996249965,0.0,0.0,0.0,142497779458.10016,296479622444.3829,92756982046.17732,52087773789.18513,24882780216.0,116661625087.21198,53865196756.0,11579953.5,74695680.0,31032787.917900298,78846.17733846638,18208.0,492753.07825162506,0.0,0.0,0.0,0.0,0.0
