,block,cpu,ib,ib_ext,ib_sw,intel_hsw,intel_hsw_cbo,intel_hsw_hau,intel_hsw_imc,intel_hsw_pcu,intel_hsw_qpi,intel_hsw_r2pci,intel_rapl,mem,net,nfs,numa,proc,ps,sysv_shm,tmpfs,vfs,vm
High,7454034911.0,145710.0,0.0,10785959.0,26878890.0,1896573315675.0,38563430528.0,5694859709467.0,6869244583.0,3701481921232.0,27908038450.0,508269536836.0,4200339660.0,8728169984.0,3765481.0,2.507324437203186e+18,1383034.0,2220233.0,2046593.0,0.0,0.0,27814.0,7806767584.0
Low,0.0,144955.0,0.0,10785959.0,26878890.0,2330333322.0,22481597644.0,5224573090166.0,4141351924.0,3699801784558.0,26945819226.0,242341042857.0,2869249954.0,8612455680.0,336.0,30.0,1264273.0,1121278.0,2046593.0,0.0,0.0,27814.0,7806767584.0
Overall Average,3727571427.5,145630.375,0.0,10785959.0,26878890.0,235349565707.20834,28808164686.333332,5459720276360.25,5505008557.75,3700641852895.0,27434879135.0,375305289846.5,3534794807.0,8670312832.0,1122027.4,8.357748124010835e+17,1323653.5,1516064.8181818181,2046593.0,0.0,0.0,27814.0,7806767584.0
Standard Deviation,3724036843.9898024,169.13525467802387,0.0,0.0,0.0,451547154485.196,4460427013.126271,235137667002.4112,1357437408.6126692,840068337.0,447429835.0063602,132964246989.5,665544853.0,57857152.0,1358165.8128761156,1.181964074787396e+18,59380.5,422647.3137618986,0.0,0.0,0.0,0.0,0.0
