,block,cpu,ib,ib_ext,ib_sw,intel_hsw,intel_hsw_cbo,intel_hsw_hau,intel_hsw_imc,intel_hsw_pcu,intel_hsw_qpi,intel_hsw_r2pci,intel_rapl,mem,net,nfs,numa,proc,ps,sysv_shm,tmpfs,vfs,vm
High,10981664.0,25713.0,5255.0,25964437.0,64876004.0,627835686814.0,96011534179.0,1412232551608.0,35798906154.0,7035394497.0,80509358160.0,524509752984.0,2775682561.0,8777335040.0,10999017.0,2499854.0,180788.0,,121838.0,0.0,65998850.0,8548.0,5952160.0
Low,0.0,25712.0,5255.0,25964437.0,64876004.0,490257617994.0,85373800932.0,1412078980532.0,34995281062.0,6501227131.0,80107536106.0,521563573500.0,2775084258.0,8771003648.0,4321.0,0.0,155404.0,,121838.0,0.0,65998850.0,8548.0,5952160.0
Overall Average,5490980.5,25712.958333333332,5255.0,25964437.0,64876004.0,558107203617.4584,90231006621.375,1412154408882.5,35387441246.875,6768310814.0,80296347927.75,523036663242.0,2775383409.5,8774169344.0,2250389.4,1249927.0,168096.0,,121838.0,0.0,65998850.0,8548.0,5952160.0
Standard Deviation,3884110.1342207394,0.19982631347136331,0.0,0.0,0.0,67026169127.80179,3163205307.7785883,71113614.77391793,362268383.6827505,267083683.0,179004697.00488803,1473089742.0,299151.5,3165696.0,4374605.965057817,1249927.0,12692.0,,0.0,0.0,0.0,0.0,0.0
