,block,cpu,ib,ib_ext,ib_sw,intel_hsw,intel_hsw_cbo,intel_hsw_hau,intel_hsw_imc,intel_hsw_pcu,intel_hsw_qpi,intel_hsw_r2pci,intel_rapl,mem,net,nfs,numa,proc,ps,sysv_shm,tmpfs,vfs,vm
High,7546217.0,42853.0,0.0,122417474.0,305650767.0,1010609439601.0,428748617788.0,2330825899056.0,40623385644.0,37053796018.0,285262838522.0,1669919187270.0,2837393872.0,11300307200.0,50723547.0,165363.0,2042735.0,1622141.0,882879.0,0.0,65751042.0,14697.0,5286153.0
Low,0.0,42848.0,0.0,122417474.0,305650767.0,940606177186.0,397947064126.0,2322506784897.0,35620808067.0,32710793084.0,274326279524.0,1628762864470.0,2836917658.0,11234358016.0,54773.0,56483.0,1939013.0,673130.0,882879.0,0.0,65751042.0,14697.0,5286153.0
Overall Average,3790531.5,42850.416666666664,0.0,122417474.0,305650767.0,999913499490.2084,408234035052.2917,2326670823796.5,38136737990.125,34882294551.0,279771961820.5,1649341025870.0,2837155765.0,11267332608.0,10957786.8,110923.0,1990874.0,844336.78125,882879.0,0.0,65751042.0,14697.0,5286153.0
Standard Deviation,2671437.995150973,1.3202482931462385,0.0,0.0,0.0,13438508840.679243,9647902621.204702,4127820467.016526,2446522990.8381906,2171501467.0,5301464475.763631,20578161400.0,238107.0,32974592.0,19889488.06628152,54440.0,51861.0,252887.89118744576,0.0,0.0,0.0,0.0,0.0
