,block,cpu,ib,ib_ext,ib_sw,intel_hsw,intel_hsw_cbo,intel_hsw_hau,intel_hsw_imc,intel_hsw_pcu,intel_hsw_qpi,intel_hsw_r2pci,intel_rapl,mem,net,nfs,numa,proc,ps,sysv_shm,tmpfs,vfs,vm
High,1622317685.0,119993.0,0.0,309604288.0,773694379.0,4369838591541.0,1090749250473.0,6103726507074.0,86272052651.0,887615835062.0,329405286019.0,3380972662550.0,7123549987.0,8704045568.0,131884422.0,51503223.0,284010853.0,2839071.0,1369991.0,0.0,0.0,9874.0,1942346073.0
Low,0.0,119983.0,0.0,309604288.0,773694379.0,4064265365815.0,974802437210.0,5857693549923.0,58548512415.0,719262320896.0,248885967932.0,3322817232911.0,5783692931.0,8683217664.0,910.0,0.0,266738632.0,1121277.0,1369991.0,0.0,0.0,9874.0,1942346073.0
Overall Average,820329289.75,119989.25,0.0,309604288.0,773694379.0,4225500067658.5,1031971918962.1666,5980693841951.5,72447337273.125,803439077979.0,289344200425.0,3351894947730.5,6453621459.0,8693631616.0,26847425.4,12878693.75,275374742.5,1828095.6666666667,1369991.0,0.0,0.0,9874.0,1942346073.0
Standard Deviation,801957658.5829874,2.48746859276655,0.0,0.0,0.0,60474112046.67691,38571491541.42088,122942039701.46635,13730984631.55162,84176757083.0,39778503646.92712,29077714819.5,669928528.0,10413952.0,52520838.587113276,22299882.484482538,8636110.5,755084.3371430256,0.0,0.0,0.0,0.0,0.0
