,block,cpu,ib,ib_ext,ib_sw,intel_hsw,intel_hsw_cbo,intel_hsw_hau,intel_hsw_imc,intel_hsw_pcu,intel_hsw_qpi,intel_hsw_r2pci,intel_rapl,mem,net,nfs,numa,proc,ps,sysv_shm,tmpfs,vfs,vm
High,15778781.0,42853.0,0.0,187867158.0,469438096.0,547322911494.0,12766585565.0,2241329172576.0,1494390246.0,1255434507075.0,13404147034.0,30643708325.0,1402683535.0,12651535360.0,79985380.0,177789.0,443032.0,28334288.0,28256547.0,0.0,2.0,9959.0,9658700.0
Low,0.0,42810.0,0.0,187867158.0,469438096.0,415465501.0,80663237.0,961733213356.0,241868472.0,45062788285.0,4679456694.0,16415434762.0,1385625580.0,10124765696.0,4493.0,0.0,193254.0,1121218.0,28256547.0,0.0,2.0,9959.0,9658700.0
Overall Average,7904162.0,42838.291666666664,0.0,187867158.0,469438096.0,26130968717.333332,5531542894.083333,1601531152883.0,867689503.5,650248647680.0,9040827604.5,23529571543.5,1394154557.5,11388150528.0,16460531.6,88894.5,318143.0,4196535.666666667,28256547.0,0.0,2.0,9959.0,9658700.0
Standard Deviation,5596501.865928171,11.058477768461424,0.0,0.0,0.0,108721926353.60313,5585394401.624782,639797466531.207,594878717.2748799,605185859395.0,4356735044.285913,7114136781.5,8528977.5,1263384832.0,31766498.202079576,88894.5,124889.0,8534135.342776509,0.0,0.0,0.0,0.0,0.0
