,block,cpu,ib,ib_ext,ib_sw,intel_hsw,intel_hsw_cbo,intel_hsw_hau,intel_hsw_imc,intel_hsw_pcu,intel_hsw_qpi,intel_hsw_r2pci,intel_rapl,mem,net,nfs,numa,proc,ps,sysv_shm,tmpfs,vfs,vm
High,6715935.0,17145.0,0.0,2536902.0,6333080.0,246260294400.0,9095440834.0,370039393146.0,4714768166.0,14106067.0,5009731996.0,55026204707.0,1371206572.0,9311246336.0,1034129.0,2.0,215101.0,1414655.0,82592.0,0.0,0.0,37273.0,7106944.0
Low,0.0,17144.0,0.0,2536902.0,6333080.0,105885354287.0,403541386.0,359275736312.0,12467657.0,0.0,4923869236.0,29984808892.0,22045191.0,8641293312.0,67.0,0.0,41225.0,37189.0,82592.0,0.0,0.0,37273.0,7106944.0
Overall Average,3427068.25,17144.5,0.0,2536902.0,6333080.0,142882118393.54166,3858130763.7083335,364659596784.5,2361414130.25,7053033.5,4970812194.5,42505506799.5,696625881.5,8976269824.0,257159.8,1.0,128163.0,263802.45454545453,82592.0,0.0,0.0,37273.0,7106944.0
Standard Deviation,3193406.5521365562,0.5,0.0,0.0,0.0,47422949294.978905,3515584215.654628,5379673245.30534,2332175508.468368,7053033.5,37189804.94633585,12520697907.5,674580690.5,334976512.0,392125.09544756246,1.0,86938.0,409278.34927961667,0.0,0.0,0.0,0.0,0.0
