,block,cpu,ib,ib_ext,ib_sw,intel_hsw,intel_hsw_cbo,intel_hsw_hau,intel_hsw_imc,intel_hsw_pcu,intel_hsw_qpi,intel_hsw_r2pci,intel_rapl,mem,net,nfs,numa,proc,ps,sysv_shm,tmpfs,vfs,vm
High,379053921.0,1097158.0,0.0,558066417914.0,1392153167967.0,29005716551888.0,21950850779072.0,58863078341017.0,4785122076893.0,10467206718624.0,9394102733162.0,59654437587629.0,75911374905.0,9306937088.0,230621066.0,938401.0,3089306352.0,1563681.0,678343262.0,0.0,13.0,23420.0,3302825659.0
Low,0.0,1095087.0,0.0,558066417914.0,1392153167967.0,28163617349965.0,18979811835298.0,57841453605693.0,4749586532073.0,9911678202305.0,9372907285909.0,59422125159941.0,75848211373.0,9285598464.0,0.0,0.0,3074510991.0,487852.0,678343262.0,0.0,13.0,23420.0,3302825659.0
Overall Average,189532046.25,1097031.5416666667,0.0,558066417914.0,1392153167967.0,28609287268698.043,20123029970290.957,58352423339147.0,4767316207370.125,10189442460464.5,9384846176121.25,59538281373785.0,75879793139.0,9296267776.0,42147154.0,315277.3333333333,3081908671.5,720316.0303030303,678343262.0,0.0,13.0,23420.0,3302825659.0
Standard Deviation,134660964.90619668,447.7542089106726,0.0,0.0,0.0,240128345355.18716,953151558395.4637,510480013884.25635,13474890290.652552,277764258159.5,7672759274.099579,116156213844.0,31581766.0,10669312.0,84421435.8106723,440625.4137854007,7397680.5,326173.1067249957,0.0,0.0,0.0,0.0,0.0
