,block,cpu,ib,ib_ext,ib_sw,intel_hsw,intel_hsw_cbo,intel_hsw_hau,intel_hsw_imc,intel_hsw_pcu,intel_hsw_qpi,intel_hsw_r2pci,intel_rapl,mem,net,nfs,numa,proc,ps,sysv_shm,tmpfs,vfs,vm
High,1810873656.0,102870.0,0.0,223548326.0,558639638.0,3969480018330.0,673714086594.0,5476623212204.0,39087546076.0,2690779631946.0,125909842598.0,2458334201418.0,5674717080.0,8648705280.0,95148931.0,43648734.0,114471283.0,2734074.0,863138.0,0.0,0.0,8176.0,1985689467.0
Low,0.0,102775.0,0.0,223548326.0,558639638.0,134894085485.0,610372515890.0,5440043817216.0,25152222518.0,306584453292.0,99516792740.0,1847447247206.0,4314275766.0,8644898560.0,452.0,0.0,101602829.0,1121277.0,863138.0,0.0,0.0,8176.0,1985689467.0
Overall Average,914401108.25,102831.625,0.0,223548326.0,558639638.0,2587661769280.875,641344252852.0416,5458319046633.0,32122768807.125,1498682042619.0,112871624022.5,2152890724312.0,4994496423.0,8646801920.0,19366969.6,10914822.0,108037056.0,1853595.25,863138.0,0.0,0.0,8176.0,1985689467.0
Standard Deviation,887659989.8712168,23.895279345510904,0.0,0.0,0.0,1476420915928.1602,18384543688.759274,18261396491.388885,6938605719.067792,1192097589327.0,12942623465.991661,305443477106.0,680220657.0,1903360.0,37892671.77538061,18898933.027617447,6434227.0,648944.0854091521,0.0,0.0,0.0,0.0,0.0
