,block,cpu,ib,ib_ext,ib_sw,intel_hsw,intel_hsw_cbo,intel_hsw_hau,intel_hsw_imc,intel_hsw_pcu,intel_hsw_qpi,intel_hsw_r2pci,intel_rapl,mem,net,nfs,numa,proc,ps,sysv_shm,tmpfs,vfs,vm
High,4355462581.0,325698.0,0.0,18000624.0,44827762.0,11792334442585.0,2754226616118.0,17539453542912.0,222019805561.0,572160496846.0,821276457839.0,9202643261167.0,15842518552.0,8703247104.0,6583810.0,127795.0,995622276.0,2838481.0,2914178.0,0.0,0.0,28207.0,5415805491.0
Low,0.0,325672.0,0.0,18000624.0,44827762.0,11309588209752.0,2564051779081.0,17475634959263.0,191701866322.0,520230079133.0,719509814555.0,9184592254941.0,15823641570.0,8617465856.0,1270.0,0.0,971633194.0,1121276.0,2914178.0,0.0,0.0,28207.0,5415805491.0
Overall Average,2197159439.75,325690.5833333333,0.0,18000624.0,44827762.0,11537014106776.334,2649580047486.2915,17507543538127.0,206838922019.625,546195287989.5,770705556800.25,9193617758054.0,15833080061.0,8660356480.0,2324107.2,36932.75,983627735.0,1740945.6666666667,2914178.0,0.0,0.0,28207.0,5415805491.0
Standard Deviation,2155827526.8456473,5.529592108726365,0.0,0.0,0.0,100878202266.69173,59561425895.34495,31885868627.084606,14737902975.022789,25965208856.5,49589119190.197044,9025503113.0,9438491.0,42890624.0,2382397.00577468,52616.94589851733,11994541.0,676008.0923736951,0.0,0.0,0.0,0.0,0.0
