,block,cpu,ib,ib_ext,ib_sw,intel_hsw,intel_hsw_cbo,intel_hsw_hau,intel_hsw_imc,intel_hsw_pcu,intel_hsw_qpi,intel_hsw_r2pci,intel_rapl,mem,net,nfs,numa,proc,ps,sysv_shm,tmpfs,vfs,vm
High,11751334.0,42923.0,0.0,5882158311.0,14695330707.0,1076165912094.0,1123138231036.0,2608118232473.0,268052285680.0,47948373794.0,498933398552.0,2647780119848.0,4227988905.0,8674730752.0,1181702.0,165506.0,293373.0,1536353.0,195893.0,0.0,65800194.0,10484.0,6415960.0
Low,0.0,42921.0,0.0,5882158311.0,14695330707.0,1026803561025.0,892084806773.0,2592045150893.0,252816865226.0,47605322145.0,498013238935.0,2645953386174.0,2882843981.0,8663578624.0,27631.0,4.0,174715.0,94648.0,195893.0,0.0,65800194.0,10484.0,6415960.0
Overall Average,5891589.5,42922.791666666664,0.0,5882158311.0,14695330707.0,1053772338986.7916,979880617479.25,2600072301591.25,260556829452.875,47776847969.5,498476680029.5,2646866753011.0,3555416443.0,8669154688.0,679589.4,51334.75,234044.0,407680.875,195893.0,0.0,65800194.0,10484.0,6415960.0
Standard Deviation,4155059.072071389,0.4982608642958916,0.0,0.0,0.0,14601823814.963997,64574432161.53884,8018719410.944728,7264453612.022603,171525824.5,440291196.6170791,913366837.0,672572462.0,5576064.0,494412.15121661406,66691.22934605044,59329.0,478061.60084473883,0.0,0.0,0.0,0.0,0.0
