,block,cpu,ib,ib_ext,ib_sw,intel_hsw,intel_hsw_cbo,intel_hsw_hau,intel_hsw_imc,intel_hsw_pcu,intel_hsw_qpi,intel_hsw_r2pci,intel_rapl,mem,net,nfs,numa,proc,ps,sysv_shm,tmpfs,vfs,vm
High,1348810933.0,34283.0,0.0,536339693.0,1340440506.0,1072484577241.0,53498489766.0,1799450058904.0,5752581898.0,909611209978.0,43234632979.0,228427016697.0,1422959564.0,12799549952.0,195034105.0,2371379.0,26635258.0,1536636.0,1291658.0,0.0,0.0,174444.0,1548932981.0
Low,0.0,34115.0,0.0,536339693.0,1340440506.0,3788264501.0,304122212.0,1052564595676.0,1495038735.0,20229510612.0,13172249778.0,114370433025.0,43958349.0,9410541312.0,98.0,0.0,1184786.0,34461.0,1291658.0,0.0,0.0,174444.0,1548932981.0
Overall Average,676408370.25,34263.875,0.0,536339693.0,1340440506.0,257709383359.5,21990085129.791668,1426005305854.5,3621289553.0,464920360295.0,28216283892.0,171398724861.0,733458956.5,11105045632.0,46026429.6,1194119.25,13910022.0,132937.744,1291658.0,0.0,0.0,174444.0,1548932981.0
Standard Deviation,669832238.3635924,32.4310968310766,0.0,0.0,0.0,432283078516.7796,21981617165.200703,373440447333.9574,2121364587.4558947,444690849683.0,15000357001.399412,57028291836.0,689500607.5,1694504320.0,75672787.48628806,1177319.6131512835,12725236.0,211969.05576823815,0.0,0.0,0.0,0.0,0.0
