,block,cpu,ib,ib_ext,ib_sw,intel_hsw,intel_hsw_cbo,intel_hsw_hau,intel_hsw_imc,intel_hsw_pcu,intel_hsw_qpi,intel_hsw_r2pci,intel_rapl,mem,net,nfs,numa,proc,ps,sysv_shm,tmpfs,vfs,vm
High,15636070.0,42855.0,0.0,14894136.0,37193782.0,3578523365123.0,3741091930.0,2245007898054.0,103951164.0,34166032517.0,174515422.0,3423780868.0,4153388164.0,8679248640.0,6112472.0,278492.0,173836.0,1604250.0,25329434.0,26271744.0,0.0,36100.0,8366016.0
Low,0.0,42851.0,0.0,14894136.0,37193782.0,1191947415284.0,97621670.0,2244475488681.0,9481255.0,704422848.0,85840877.0,2007649272.0,1463316075.0,8675447552.0,1089.0,0.0,172044.0,1121277.0,25329434.0,26271744.0,0.0,36100.0,8366016.0
Overall Average,7833235.75,42854.75,0.0,14894136.0,37193782.0,3357739209158.0835,777507390.0416666,2244741552432.5,52216290.125,17435227682.5,139516858.0,2715715070.0,2808352119.5,8677348096.0,1856645.6,92830.66666666667,172940.0,1259359.4545454546,25329434.0,26271744.0,0.0,36100.0,8366016.0
Standard Deviation,5538492.371091901,0.82915619758885,0.0,0.0,0.0,459636495565.6705,1188452950.2767553,265841364.0237681,35520929.20366947,16730804834.5,36642779.18401153,708065798.0,1345036044.5,1900544.0,2233984.494372564,131282.387804136,896.0,82748.66033488173,0.0,0.0,0.0,0.0,0.0
