,block,cpu,ib,ib_ext,ib_sw,intel_hsw,intel_hsw_cbo,intel_hsw_hau,intel_hsw_imc,intel_hsw_pcu,intel_hsw_qpi,intel_hsw_r2pci,intel_rapl,mem,net,nfs,numa,proc,ps,sysv_shm,tmpfs,vfs,vm
High,20534369.0,594432.0,0.0,706680040530.0,1758115625131.0,287102809805817.0,288768340420192.0,296430062358647.0,226406904678859.0,94865275472936.0,213271242049975.0,30623435849090.0,42930292182.0,8940610048.0,14863414.0,1070205.0,1665765.0,1378469.0,2030582.0,0.0,90386433.0,9101.0,12267539.0
Low,0.0,594422.0,0.0,706680040530.0,1758115625131.0,286957241155491.0,286718373853378.0,296080055221360.0,226380624030334.0,94219272148742.0,213252211098412.0,30605987176860.0,41534465898.0,8915696384.0,21742.0,0.0,820306.0,265014.0,2030582.0,0.0,90386433.0,9101.0,12267539.0
Overall Average,10279567.0,594430.2083333334,0.0,706680040530.0,1758115625131.0,287031438356019.56,287851478495042.9,296254997818087.0,226393596415140.5,94542273810839.0,213262019312662.25,30614711512975.0,42232379040.0,8928153216.0,6384561.2,269623.5,1243035.5,569632.4411764706,2030582.0,0.0,90386433.0,9101.0,12267539.0
Standard Deviation,7299423.155951263,2.2726483572157736,0.0,0.0,0.0,44864815884.928444,628229565708.4165,174894166831.7904,11325403872.743385,323001662097.0,8768150138.984463,8724336115.0,697913142.0,12456832.0,5614763.019878841,462228.33170874545,422729.5,411578.95561149204,0.0,0.0,0.0,0.0,0.0
