,block,cpu,ib,ib_ext,ib_sw,intel_hsw,intel_hsw_cbo,intel_hsw_hau,intel_hsw_imc,intel_hsw_pcu,intel_hsw_qpi,intel_hsw_r2pci,intel_rapl,mem,net,nfs,numa,proc,ps,sysv_shm,tmpfs,vfs,vm
High,16086716.0,68566.0,0.0,126941374.0,316955994.0,1605080454910.0,651192173138.0,3569335906524.0,83410309806.0,664253645452.0,459628023905.0,2672740629396.0,5639835151.0,11904205568.0,52714957.0,165673.0,2553347.0,,920394.0,0.0,65751042.0,22956.0,10156372.0
Low,0.0,68559.0,0.0,126941374.0,316955994.0,1541952969528.0,562341237072.0,3560903812928.0,76182072386.0,324614374371.0,446887510413.0,2600162911990.0,4290909403.0,11796838144.0,28550.0,56461.0,2455030.0,,920394.0,0.0,65751042.0,22956.0,10156372.0
Overall Average,8060169.75,68563.79166666667,0.0,126941374.0,316955994.0,1573935546038.5833,602249719153.7084,3565076167074.0,79797761362.25,494434009911.5,453193144873.0,2636451770693.0,4965372277.0,11850521856.0,11281469.0,111067.0,2504188.5,,920394.0,0.0,65751042.0,22956.0,10156372.0
Standard Deviation,5688672.691413717,1.7790251700174329,0.0,0.0,0.0,20284584042.620796,28684699206.81729,4159158404.3260202,3552147916.6911683,169819635540.5,6274870601.592798,36288858703.0,674462874.0,53683712.0,20723208.631700788,54606.0,49158.5,,0.0,0.0,0.0,0.0,0.0
