,block,cpu,ib,ib_ext,ib_sw,intel_hsw,intel_hsw_cbo,intel_hsw_hau,intel_hsw_imc,intel_hsw_pcu,intel_hsw_qpi,intel_hsw_r2pci,intel_rapl,mem,net,nfs,numa,proc,ps,sysv_shm,tmpfs,vfs,vm
High,7061022.0,51426.0,0.0,15176185.0,37896832.0,4331642186861.0,4878636258.0,2694008468155.0,122645328.0,20754486956.0,224591329.0,3054366294.0,2833670899.0,8690332672.0,6291855.0,278505.0,217064.0,1500435.0,1008822.0,26271744.0,0.0,9710.0,3913486.0
Low,0.0,51425.0,0.0,15176185.0,37896832.0,1758649090659.0,95292158.0,2693153546242.0,7123887.0,922981552.0,85007558.0,2540618690.0,1494370192.0,8666183680.0,0.0,0.0,127846.0,1121277.0,1008822.0,26271744.0,0.0,9710.0,3913486.0
Overall Average,3544484.5,51425.041666666664,0.0,15176185.0,37896832.0,4125183477526.5,1011454108.1666666,2693578518769.25,60338675.625,10838734254.0,161064108.0,2797492492.0,2164020545.5,8678258176.0,1616875.6666666667,92835.0,172455.0,1259074.8484848484,1008822.0,26271744.0,0.0,9710.0,3913486.0
Standard Deviation,2500832.052859058,0.19982631347136331,0.0,0.0,0.0,510920619063.47955,1583120792.9874732,424904720.2837843,39521459.52862777,9915752702.0,60527101.15027653,256873802.0,669650353.5,12074496.0,2222065.1855033166,131288.51606290627,44609.0,71362.53315975437,0.0,0.0,0.0,0.0,0.0
