,block,cpu,ib,ib_ext,ib_sw,intel_hsw,intel_hsw_cbo,intel_hsw_hau,intel_hsw_imc,intel_hsw_pcu,intel_hsw_qpi,intel_hsw_r2pci,intel_rapl,mem,net,nfs,numa,proc,ps,sysv_shm,tmpfs,vfs,vm
High,19239018.0,34285.0,0.0,270691501177.0,676178368308.0,1245211709718.0,29041918386.0,1595825541566.0,2669559838.0,314206861779.0,19461078960.0,196701151581.0,2797786096.0,9217882880.0,163091316.0,11.0,562134.0,1658606.0,13299189.0,0.0,13.0,24004.0,10349925.0
Low,0.0,34280.0,0.0,270691501177.0,676178368308.0,1199772612000.0,24173284274.0,1501865345970.0,1116602124.0,169342514806.0,10646599432.0,183964014958.0,1458046460.0,8717500672.0,39717.0,0.0,197778.0,48743.0,13299189.0,0.0,13.0,24004.0,10349925.0
Overall Average,9637209.75,34284.458333333336,0.0,270691501177.0,676178368308.0,1220027272312.9167,26534153627.75,1548842356863.5,1883409011.75,241774688292.5,15440727720.0,190332583269.5,2127916278.0,8967691776.0,32779512.0,2.2,379956.0,312287.22807017545,13299189.0,0.0,13.0,24004.0,10349925.0
Standard Deviation,6802223.525032545,1.039998664529057,0.0,0.0,0.0,11787566929.491236,1340382812.7358234,46949101092.62384,752797738.8075373,72432173486.5,3923600659.842954,6368568311.5,669869818.0,250191104.0,65155994.00871081,4.4,182178.0,416131.58660482167,0.0,0.0,0.0,0.0,0.0
