,block,cpu,ib,ib_ext,ib_sw,intel_hsw,intel_hsw_cbo,intel_hsw_hau,intel_hsw_imc,intel_hsw_pcu,intel_hsw_qpi,intel_hsw_r2pci,intel_rapl,mem,net,nfs,numa,proc,ps,sysv_shm,tmpfs,vfs,vm
High,3780652.0,51428.0,0.0,16837140.0,42038032.0,1518898776223.0,1398371632843.0,3163310250349.0,273971981982.0,349575778355.0,754630027406.0,2906817328472.0,2906632445.0,11228109056.0,5379706.0,90862.0,564482.0,4518611.0,32224487.0,0.0,3313668.0,80918.0,5563065.0
Low,0.0,51089.0,0.0,16837140.0,42038032.0,815351955035.0,1228115270092.0,3057232040405.0,186200324589.0,37699386008.0,660374455176.0,2878219415696.0,2890185669.0,10156392448.0,25673.0,0.0,518788.0,37376.0,32224487.0,0.0,3313668.0,80918.0,5563065.0
Overall Average,2436667.75,51280.583333333336,0.0,16837140.0,42038032.0,1170501724505.8333,1300357957250.5417,3110263438389.75,230011585132.875,193637582181.5,707605561992.75,2892518372084.0,2898409057.0,10692250752.0,1502914.2,12781.333333333334,541635.0,548753.0172413794,32224487.0,0.0,3313668.0,80918.0,5563065.0
Standard Deviation,1450120.0919359014,107.5879162463063,0.0,0.0,0.0,188270714487.41412,39970904871.70577,53023016077.21807,43623679028.0425,155938196173.5,46985279024.47188,14298956388.0,8223388.0,535858304.0,2011098.26075559,27889.568623411877,22847.0,1042462.4391407056,0.0,0.0,0.0,0.0,0.0
