,block,cpu,ib,ib_ext,ib_sw,intel_hsw,intel_hsw_cbo,intel_hsw_hau,intel_hsw_imc,intel_hsw_pcu,intel_hsw_qpi,intel_hsw_r2pci,intel_rapl,mem,net,nfs,numa,proc,ps,sysv_shm,tmpfs,vfs,vm
High,11101444.0,68705.0,0.0,67556462.0,168802794.0,2138077496961.0,488018764496.0,3639178822719.0,23244593955.0,52459613741.0,85636055097.0,1110859677984.0,4250944958.0,8824301056.0,41334057.0,165190.0,414746.0,1540736.0,8424141.0,0.0,66023426.0,9796.0,6156879.0
Low,0.0,68505.0,0.0,67556462.0,168802794.0,1807068154768.0,281716178290.0,3608722676564.0,8858861232.0,30241961638.0,54527216048.0,1102901624922.0,4246726648.0,8808162048.0,0.0,0.0,194565.0,171446.0,8424141.0,0.0,66023426.0,9796.0,6156879.0
Overall Average,5565776.25,68620.79166666667,0.0,67556462.0,168802794.0,1952447058744.2917,322778523490.4583,3623726406054.0,15666350595.875,41350787689.5,70749286689.75,1106880651453.0,4248835803.0,8816231552.0,12047457.833333334,82595.0,304655.5,465831.125,8424141.0,0.0,66023426.0,9796.0,6156879.0
Standard Deviation,3933302.1025025765,52.965381120333895,0.0,0.0,0.0,121380190465.75206,58799810419.41823,14986806678.150187,6804489220.073648,11108826051.5,14485677377.078802,3979026531.0,2109155.0,8069504.0,16554237.873085834,82595.0,110090.5,446289.3472852527,0.0,0.0,0.0,0.0,0.0
