,block,cpu,ib,ib_ext,ib_sw,intel_hsw,intel_hsw_cbo,intel_hsw_hau,intel_hsw_imc,intel_hsw_pcu,intel_hsw_qpi,intel_hsw_r2pci,intel_rapl,mem,net,nfs,numa,proc,ps,sysv_shm,tmpfs,vfs,vm
High,6999782.0,14703.0,0.0,122471226.0,305800621.0,281474977495990.0,281474976799455.0,281474976744910.0,225179981369158.0,93839481022036.0,211106232534084.0,17592186488820.0,1384903480.0,10013707520.0,68157748.0,165554.0,1026940.0,1662450.0,3253462.0,0.0,65751042.0,26196.0,4326527.0
Low,0.0,14689.0,0.0,122471226.0,305800621.0,281474975880154.0,281474976774235.0,281474976743126.0,225179981368930.0,93837183711543.0,211106232533394.0,17592186437732.0,41708140.0,9734913024.0,17056.0,56435.0,953521.0,349152.0,3253462.0,0.0,65751042.0,26196.0,4326527.0
Overall Average,3515693.25,14693.75,0.0,122471226.0,305800621.0,281474976986676.56,281474976787456.3,281474976743818.0,225179981369013.88,93838332366789.5,211106232533763.0,17592186463276.0,713305810.0,9874310272.0,34102986.4,110994.5,990230.5,602612.6875,3253462.0,0.0,65751042.0,26196.0,4326527.0
Standard Deviation,2475953.4408307616,3.307189138830738,0.0,0.0,0.0,294406.06825040164,8818.841489824854,661.7627973828689,81.82975849286126,1148655246.5,245.49745416195256,25544.0,671597670.0,139397248.0,23437595.26644289,54559.5,36709.5,383151.4007058304,0.0,0.0,0.0,0.0,0.0
