,block,cpu,ib,ib_ext,ib_sw,intel_hsw,intel_hsw_cbo,intel_hsw_hau,intel_hsw_imc,intel_hsw_pcu,intel_hsw_qpi,intel_hsw_r2pci,intel_rapl,mem,net,nfs,numa,proc,ps,sysv_shm,tmpfs,vfs,vm
High,50937732.0,8572.0,0.0,77452418.0,193571797.0,276471002557.0,205073906271.0,490288214143.0,21573885258.0,6847929475.0,96493015538.0,304407985044.0,27544357.0,10763223552.0,32906380.0,578396.0,12704321.0,16903289.0,1438754.0,321051538.0,24631299.0,27681.0,62476453.0
Low,0.0,8516.0,0.0,77452418.0,193571797.0,3870365413.0,40357401758.0,451855193682.0,3543973297.0,6079426291.0,55251925686.0,252425915846.0,26882983.0,9493176576.0,5316.0,0.0,4235520.0,37357.0,1438754.0,321051538.0,24631299.0,27681.0,62476453.0
Overall Average,25921874.5,8563.958333333334,0.0,77452418.0,193571797.0,181080313103.95834,110596440142.41667,471072170600.75,12540656297.5,6463677883.0,75868104491.75,278416950445.0,27213670.0,10128200064.0,6668509.4,289198.0,8469920.5,1186742.8392857143,1438754.0,321051538.0,24631299.0,27681.0,62476453.0
Standard Deviation,24786225.109906726,13.575342741734204,0.0,0.0,0.0,64789384899.108215,68204512704.49546,19215364815.558365,8987423915.489492,384251592.0,20615450546.315376,25991034599.0,330687.0,635023488.0,13119069.081170121,289198.0,4234400.5,2918900.1512815687,0.0,0.0,0.0,0.0,0.0
