,block,cpu,ib,ib_ext,ib_sw,intel_hsw,intel_hsw_cbo,intel_hsw_hau,intel_hsw_imc,intel_hsw_pcu,intel_hsw_qpi,intel_hsw_r2pci,intel_rapl,mem,net,nfs,numa,proc,ps,sysv_shm,tmpfs,vfs,vm
High,6186942.0,25714.0,0.0,114363284822.0,285375494263.0,751754115463.0,233971237616.0,1366991455608.0,11662679729.0,171883178585.0,56592605414.0,717593172869.0,1431601371.0,8752268544.0,5030668.0,1062348.0,217865.0,1658344.0,132042.0,0.0,30404609.0,19151.0,3451073.0
Low,0.0,25712.0,0.0,114363284822.0,285375494263.0,688743765450.0,169396746554.0,1219806379023.0,8188103912.0,8375598662.0,38403048580.0,631562086215.0,1431218852.0,8721237760.0,9168.0,0.0,131298.0,177742.0,132042.0,0.0,30404609.0,19151.0,3451073.0
Overall Average,3109914.0,25713.0,0.0,114363284822.0,285375494263.0,722928492656.375,199976584018.45834,1293348788795.25,9877029566.0,90129388623.5,48614071970.75,674577629542.0,1431410111.5,8736753152.0,2507095.4,354116.0,174581.5,515369.9411764706,132042.0,0.0,30404609.0,19151.0,3451073.0
Standard Deviation,2187961.4451470575,0.28867513459481287,0.0,0.0,0.0,18553372781.141827,25265943886.110733,73531379090.58563,1661520617.2183876,81753789961.5,7991663340.274273,43015543327.0,191259.5,15515392.0,2201301.6750726015,500795.64985331096,43283.5,468548.9901465475,0.0,0.0,0.0,0.0,0.0
