,block,cpu,ib,ib_ext,ib_sw,intel_hsw,intel_hsw_cbo,intel_hsw_hau,intel_hsw_imc,intel_hsw_pcu,intel_hsw_qpi,intel_hsw_r2pci,intel_rapl,mem,net,nfs,numa,proc,ps,sysv_shm,tmpfs,vfs,vm
High,13013712.0,128564.0,0.0,600858629100.0,1500012502229.0,4062934727654.0,332776465840.0,6214495764174.0,11972550390.0,2533102423566.0,64724187054.0,1347699210576.0,7144674929.0,9230515456.0,246357535.0,177704.0,2388145.0,1632182.0,2082607.0,0.0,65751042.0,9970.0,8192710.0
Low,0.0,128518.0,0.0,600858629100.0,1500012502229.0,1998687185992.0,226910981890.0,6196112861137.0,9710092566.0,588303757394.0,51046143150.0,1258773940884.0,7138161486.0,8640120064.0,61895.0,0.0,180427.0,76521.0,2082607.0,0.0,65751042.0,9970.0,8192710.0
Overall Average,6521356.5,128561.375,0.0,600858629100.0,1500012502229.0,3800937376733.7915,290614041154.1667,6205159751817.75,10689104178.375,1560703090480.0,58375753737.25,1303236575730.0,7141418207.5,8935317760.0,55946876.4,88852.0,1284286.0,524589.2222222222,2082607.0,0.0,65751042.0,9970.0,8192710.0
Standard Deviation,4606084.286583371,9.054522350737226,0.0,0.0,0.0,391130516964.3268,29754836421.523663,9018661293.12636,883095955.7601577,972399333086.0,5693622812.690855,44462634846.0,3256721.5,295197696.0,95882848.00652751,88852.0,1103859.0,547048.8200781998,0.0,0.0,0.0,0.0,0.0
