,block,cpu,ib,ib_ext,ib_sw,intel_hsw,intel_hsw_cbo,intel_hsw_hau,intel_hsw_imc,intel_hsw_pcu,intel_hsw_qpi,intel_hsw_r2pci,intel_rapl,mem,net,nfs,numa,proc,ps,sysv_shm,tmpfs,vfs,vm
High,5630014.0,8571.0,0.0,12969605.0,32403132.0,710534330092.0,963853112.0,448945883468.0,23975467.0,3980160758.0,52946004.0,3355470648.0,1369908019.0,8680581120.0,5501125.0,277381.0,89882.0,1509583.0,1726888.0,26271744.0,0.0,10618.0,3070338.0
Low,0.0,8570.0,0.0,12969605.0,32403132.0,374492972630.0,42943497.0,448515432573.0,2986618.0,716523149.0,29057260.0,448439477.0,26041117.0,8660535552.0,1377.0,0.0,83599.0,1121259.0,1726888.0,26271744.0,0.0,10618.0,3070338.0
Overall Average,2830476.75,8570.916666666666,0.0,12969605.0,32403132.0,676678098908.2916,271164581.875,448730377420.5,12934125.125,2348341953.5,41747044.5,1901955062.5,697974568.0,8670558336.0,1682602.4,92460.33333333333,86740.5,1257091.0909090908,1726888.0,26271744.0,0.0,10618.0,3070338.0
Standard Deviation,1992089.5846333536,0.2763853991962833,0.0,0.0,0.0,71892970948.90608,282568284.643321,214884678.12740657,6998195.287110589,1631818804.5,9659855.626995584,1453515585.5,671933451.0,10022784.0,2016070.290587667,130758.65738153717,3141.5,71724.41720090806,0.0,0.0,0.0,0.0,0.0
