,block,cpu,ib,ib_ext,ib_sw,intel_hsw,intel_hsw_cbo,intel_hsw_hau,intel_hsw_imc,intel_hsw_pcu,intel_hsw_qpi,intel_hsw_r2pci,intel_rapl,mem,net,nfs,numa,proc,ps,sysv_shm,tmpfs,vfs,vm
High,2401333449.0,919382.0,0.0,51606110.0,128506228.0,301107330489264.0,283737445241414.0,314973205025336.0,227259987201648.0,95738246555611.0,214556080008557.0,38109689432624.0,61520455424.0,10243428608.0,17161988.0,3955.0,5775844.0,1405465.0,4554036.0,0.0,0.0,32102.0,2517684184.0
Low,0.0,919360.0,0.0,51606110.0,128506228.0,296630688023832.0,283246839090627.0,314240514919990.0,227148643387623.0,94741782830471.0,214553799633687.0,37909127587109.0,60186614196.0,9908009216.0,1203.0,3955.0,5539607.0,49812.0,4554036.0,0.0,0.0,32102.0,2517684184.0
Overall Average,1204003159.5,919376.0416666666,0.0,51606110.0,128506228.0,297654472773006.3,283484821034951.56,314606898806153.0,227202576313497.5,95240014693041.0,214555050125216.25,38009408509866.5,60853534810.0,10075718912.0,5556715.8,3955.0,5657725.5,416853.8846153846,4554036.0,0.0,0.0,32102.0,2517684184.0
Standard Deviation,1194654332.3527215,6.281448656338936,0.0,0.0,0.0,1272332735675.92,146123485815.7992,366283200416.12836,46857744451.5495,498231862570.0,879725445.5658215,100280922757.5,666920614.0,167709696.0,6077895.68076213,0.0,118118.5,354324.2565552748,0.0,0.0,0.0,0.0,0.0
