,block,cpu,ib,ib_ext,ib_sw,intel_hsw,intel_hsw_cbo,intel_hsw_hau,intel_hsw_imc,intel_hsw_pcu,intel_hsw_qpi,intel_hsw_r2pci,intel_rapl,mem,net,nfs,numa,proc,ps,sysv_shm,tmpfs,vfs,vm
High,50484993.0,745746.0,0.0,60822530.0,151314051.0,34255789286356.0,3135495752248.0,33883733901286.0,1269283999438.0,7272965274044.0,4320552170207.0,17994766763261.0,48653600566.0,10005651968.0,17437522.0,155524.0,2510979.0,1759970.0,2837717.0,0.0,12.0,19803.0,31411888.0
Low,0.0,745739.0,0.0,60822530.0,151314051.0,33029456490618.0,1986757979367.0,33805037341481.0,840392523251.0,6890791934010.0,2673956102768.0,17105772048626.0,47219698678.0,9785919744.0,291715.0,155524.0,1105950.0,1121277.0,2837717.0,0.0,12.0,19803.0,31411888.0
Overall Average,25259846.0,745744.6666666666,0.0,60822530.0,151314051.0,33657167553176.25,2510671056942.4585,33844412806431.25,1054125886556.25,7081878604027.0,3497510374481.5,17550269405943.5,47936649622.0,9895785856.0,5850205.4,155524.0,1808464.5,1351152.9746835444,2837717.0,0.0,12.0,19803.0,31411888.0
Standard Deviation,17867569.15560361,1.4337208778404378,0.0,0.0,0.0,405636694726.9792,431504203457.7393,39292424506.98914,213459555356.34766,191086670017.0,822917496519.9137,444497357317.5,716950944.0,109866112.0,6094564.005116449,0.0,702514.5,272115.19403570244,0.0,0.0,0.0,0.0,0.0
