,block,cpu,ib,ib_ext,ib_sw,intel_hsw,intel_hsw_cbo,intel_hsw_hau,intel_hsw_imc,intel_hsw_pcu,intel_hsw_qpi,intel_hsw_r2pci,intel_rapl,mem,net,nfs,numa,proc,ps,sysv_shm,tmpfs,vfs,vm
High,179013186.0,17143.0,0.0,990706.0,2468148.0,293250511071.0,85862149155.0,795448888484.0,13035022369.0,313123135630.0,68670547370.0,291894127134.0,1385649418.0,9199395840.0,369209.0,7513.0,24722769.0,9058064.0,219272.0,0.0,0.0,27708.0,216310978.0
Low,0.0,17123.0,0.0,990706.0,2468148.0,218672265712.0,66484801031.0,745682775902.0,12883708681.0,295563450415.0,57782961486.0,281996398634.0,39046261.0,9098174464.0,23.0,0.0,24309805.0,1121276.0,219272.0,0.0,0.0,27708.0,216310978.0
Overall Average,94835995.0,17136.958333333332,0.0,990706.0,2468148.0,242533857830.625,77239375209.25,770563769342.5,12957656167.875,304343293022.5,63224352955.75,286945262884.0,712347839.5,9148785152.0,120584.0,1708.8333333333333,24516287.0,2723103.888888889,219272.0,0.0,0.0,27708.0,216310978.0
Standard Deviation,84477169.40482931,5.511194415813044,0.0,0.0,0.0,18539269843.224594,5977347198.429952,24880956127.16477,64328549.13968194,8779842607.5,5419611494.917631,4948864250.0,673301578.5,50610688.0,133708.85619883225,2666.859164927079,206482.0,2849643.7106653037,0.0,0.0,0.0,0.0,0.0
