,block,cpu,ib,ib_ext,ib_sw,intel_hsw,intel_hsw_cbo,intel_hsw_hau,intel_hsw_imc,intel_hsw_pcu,intel_hsw_qpi,intel_hsw_r2pci,intel_rapl,mem,net,nfs,numa,proc,ps,sysv_shm,tmpfs,vfs,vm
High,7158806.0,8571.0,0.0,6379079.0,15938553.0,288252257163.0,43372057139.0,418821346080.0,4401999844.0,83968581803.0,17813073198.0,103904690001.0,29373636.0,8634682880.0,2689681.0,164465.0,86177.0,1554500.0,48092.0,0.0,66023426.0,10552.0,3851624.0
Low,0.0,8570.0,0.0,6379079.0,15938553.0,266728224599.0,23339521449.0,373058514270.0,1300260147.0,69054617313.0,10454370440.0,102098287093.0,28470233.0,8624515840.0,3724.0,0.0,84101.0,70140.0,48092.0,0.0,66023426.0,10552.0,3851624.0
Overall Average,3593519.25,8570.791666666666,0.0,6379079.0,15938553.0,277765838715.2083,32244873042.833332,395941072571.5,2850384834.875,76511599558.0,14319180801.25,103001488547.0,28921934.5,8629599360.0,865324.6,65786.0,85139.0,393237.0625,48092.0,0.0,66023426.0,10552.0,3851624.0
Standard Deviation,2534038.4562797556,0.4061164310337068,0.0,0.0,0.0,6350133056.949568,7661894582.743837,22880136159.813038,1541284254.295013,7456982245.0,3503633813.3090973,903201454.0,451701.5,5083520.0,978542.4692777722,80571.06610936708,1038.0,487956.3230887664,0.0,0.0,0.0,0.0,0.0
