,block,cpu,ib,ib_ext,ib_sw,intel_hsw,intel_hsw_cbo,intel_hsw_hau,intel_hsw_imc,intel_hsw_pcu,intel_hsw_qpi,intel_hsw_r2pci,intel_rapl,mem,net,nfs,numa,proc,ps,sysv_shm,tmpfs,vfs,vm
High,16095481.0,51412.0,0.0,160298142327.0,400349225458.0,1690492979792.0,836301360386.0,2746305977244.0,132113246046.0,433304430535.0,274299414703.0,2229099431474.0,2879046923.0,12322714880.0,48856696045.0,20624325.0,53003618.0,1351666.0,51714982.0,134217728.0,65800194.0,9636.0,49951426.0
Low,0.0,0.0,0.0,0.0,0.0,0.0,0.0,0.0,0.0,0.0,0.0,0.0,0.0,0.0,0.0,0.0,0.0,0.0,0.0,0.0,0.0,0.0,0.0
Overall Average,4030562.75,25681.458333333332,0.0,80149071163.5,200174612729.0,764014613088.5,385531274345.8958,1341565654392.625,65281165093.8125,184395799158.0,136710876846.25,1113612019666.75,1439206619.0,6141557632.0,4885801886.3,5156081.25,25927452.5,453914.421875,25857491.0,67108864.0,32900097.0,4818.0,24975713.0
Standard Deviation,5696320.052586203,25681.57001946981,0.0,80149071163.5,200174612729.0,764470354091.5083,386335363507.034,1342308929759.3352,65285846278.28602,189954635393.75894,136712066646.81187,1113612809235.8215,1439206688.7531307,6141621464.399375,14656964721.312412,8930594.692953246,25940172.78118904,474332.6561762788,25857491.0,67108864.0,32900097.0,4818.0,24975713.0
