,block,cpu,ib,ib_ext,ib_sw,intel_hsw,intel_hsw_cbo,intel_hsw_hau,intel_hsw_imc,intel_hsw_pcu,intel_hsw_qpi,intel_hsw_r2pci,intel_rapl,mem,net,nfs,numa,proc,ps,sysv_shm,tmpfs,vfs,vm
High,6344530.0,17142.0,0.0,2857048.0,7129058.0,489593744600.0,50956553923.0,851161657600.0,20257425415.0,166292384071.0,38129588658.0,355319487206.0,1407725670.0,8661886720.0,1131034.0,0.0,133353.0,,71989.0,0.0,0.0,10497.0,3292281.0
Low,0.0,17142.0,0.0,2857048.0,7129058.0,472997435503.0,42620014871.0,768022653292.0,19451573962.0,86311804622.0,37524680690.0,347107418154.0,1407317045.0,8641239552.0,23.0,0.0,90959.0,,71989.0,0.0,0.0,10497.0,3292281.0
Overall Average,3186555.75,17142.0,0.0,2857048.0,7129058.0,480547661806.5833,46004410407.416664,809592779910.5,19854149182.125,126302094346.5,37835947780.25,351213452680.0,1407521357.5,8651563136.0,269100.6,0.0,112156.0,,71989.0,0.0,0.0,10497.0,3292281.0
Standard Deviation,2243186.4887144775,0.0,0.0,0.0,0.0,5088190252.640819,2134112605.7862248,41565890999.06953,379972759.71721697,39990289724.5,289755575.6735789,4106034526.0,204312.5,10323584.0,432944.2929369089,0.0,21197.0,,0.0,0.0,0.0,0.0,0.0
