,block,cpu,ib,ib_ext,ib_sw,intel_hsw,intel_hsw_cbo,intel_hsw_hau,intel_hsw_imc,intel_hsw_pcu,intel_hsw_qpi,intel_hsw_r2pci,intel_rapl,mem,net,nfs,numa,proc,ps,sysv_shm,tmpfs,vfs,vm
High,17074868.0,51343.0,377255250.0,641771137.0,1603798614.0,634184883479.0,726505301392.0,2445542854752.0,92996516857.0,687360581208.0,380386103790.0,1204889368740.0,1479868003.0,9168299008.0,275054118.0,10207.0,36573591.0,,9128496.0,0.0,0.0,11502.0,565412106.0
Low,0.0,51221.0,377255250.0,641771137.0,1603798614.0,571177218515.0,440796572162.0,2435586083872.0,72713725020.0,652216760184.0,317307017366.0,1192078482838.0,1473309583.0,8917052416.0,88.0,0.0,21990664.0,,9128496.0,0.0,0.0,11502.0,565412106.0
Overall Average,8553153.75,51297.25,377255250.0,641771137.0,1603798614.0,599615153470.9584,560574674457.375,2440571580722.25,82813919320.5,669788670696.0,348835279811.75,1198483925789.0,1476588793.0,9042675712.0,55149550.8,5103.5,29282127.5,,9128496.0,0.0,0.0,11502.0,565412106.0
Standard Deviation,6137576.540505885,34.97052330177517,0.0,0.0,0.0,16687311107.040327,92813398800.44398,4963976056.231052,9988909228.811916,17571910512.0,31429991128.140266,6405442951.0,3279210.0,125623296.0,109952381.47020519,5103.5,7291463.5,,0.0,0.0,0.0,0.0,0.0
