,block,cpu,ib,ib_ext,ib_sw,intel_hsw,intel_hsw_cbo,intel_hsw_hau,intel_hsw_imc,intel_hsw_pcu,intel_hsw_qpi,intel_hsw_r2pci,intel_rapl,mem,net,nfs,numa,proc,ps,sysv_shm,tmpfs,vfs,vm
High,48179115.0,873229.0,0.0,15998824263.0,39971714596.0,302333478923012.0,284032160321914.0,310116918697011.0,225229048239184.0,98873275704844.0,211246432070380.0,25850883785082.0,47197091078.0,10315152640.0,6611471025.0,2.955060943846667e+18,150278140.0,1595099.0,13148140.0,0.0,66023426.0,24608.0,368804071.0
Low,0.0,873215.0,0.0,15998824263.0,39971714596.0,301362965770454.0,283616668827276.0,309137505525965.0,225225162186154.0,98099100745052.0,211241919302120.0,25793028396592.0,45822833365.0,10226561792.0,410531.0,0.0,136322102.0,374192.0,13148140.0,0.0,66023426.0,24608.0,368804071.0
Overall Average,24106530.5,873222.125,0.0,15998824263.0,39971714596.0,301782132723159.6,283821138541165.7,309627267777237.0,225227167541672.38,98486188224948.0,211244406939698.25,25821956090837.0,46509962221.5,10270857216.0,1325146194.4,7.387652359617542e+17,143300121.0,647831.8125,13148140.0,0.0,66023426.0,24608.0,368804071.0
Standard Deviation,17097449.950081307,3.3455505276909707,0.0,0.0,0.0,217600972721.6821,110708892093.05917,489637764080.00555,1867401243.4176419,387087479896.0,1984193916.02448,28927694245.0,687128856.5,44295424.0,2643163415.0575833,1.2795789235511665e+18,6978019.0,352259.9498594253,0.0,0.0,0.0,0.0,0.0
