,block,cpu,ib,ib_ext,ib_sw,intel_hsw,intel_hsw_cbo,intel_hsw_hau,intel_hsw_imc,intel_hsw_pcu,intel_hsw_qpi,intel_hsw_r2pci,intel_rapl,mem,net,nfs,numa,proc,ps,sysv_shm,tmpfs,vfs,vm
High,2719291.0,34286.0,48556.0,261956492.0,654402975.0,436024291347.0,216221730146.0,726853384857.0,3314036310.0,47142384550.0,7128948201.0,575903872553.0,1393959460.0,10550653184.0,110813438.0,0.0,1969192.0,,718115.0,0.0,0.0,38318.0,2547672.0
Low,0.0,34215.0,48556.0,261956492.0,654402975.0,833956192.0,29544625398.0,725773914091.0,3133894537.0,26904155233.0,6873730446.0,192113581541.0,39090987.0,9102348800.0,387.0,0.0,542505.0,,718115.0,0.0,0.0,38318.0,2547672.0
Overall Average,1453725.0,34262.25,48556.0,261956492.0,654402975.0,281958151880.7083,119357584270.125,726316176728.5,3219066037.25,37023269891.5,7003157098.25,384008727047.0,716525223.5,9826500992.0,22338554.8,0.0,1255848.5,,718115.0,0.0,0.0,38318.0,2547672.0
Standard Deviation,979623.5337727958,16.05005192099598,0.0,0.0,0.0,196200072592.48633,88380053577.3821,536557023.5567415,67553270.69919206,10119114658.5,115969228.8386924,191895145506.0,677434236.5,724152192.0,44237803.225252405,0.0,713343.5,,0.0,0.0,0.0,0.0,0.0
