,block,cpu,ib,ib_ext,ib_sw,intel_hsw,intel_hsw_cbo,intel_hsw_hau,intel_hsw_imc,intel_hsw_pcu,intel_hsw_qpi,intel_hsw_r2pci,intel_rapl,mem,net,nfs,numa,proc,ps,sysv_shm,tmpfs,vfs,vm
High,9988760.0,25761.0,0.0,56985560107.0,142382521969.0,282090913359493.0,281542133851514.0,282378867044945.0,225183462796457.0,93841513712320.0,211116929027376.0,17798200946447.0,1425296708.0,8709660416.0,4749834.0,164257.0,231629.0,1563679.0,149115.0,0.0,61452290.0,11482.0,5440705.0
Low,0.0,25728.0,0.0,56985560107.0,142382521969.0,281486452558412.0,281522537543208.0,282326774963808.0,225182830722057.0,93839613318434.0,211114928733250.0,17779333622860.0,1420855129.0,8696595968.0,37687.0,0.0,183061.0,98558.0,149115.0,0.0,61452290.0,11482.0,5440705.0
Overall Average,5009384.25,25753.041666666668,0.0,56985560107.0,142382521969.0,281981272333894.7,281530127044886.94,282352823083404.0,225183146529446.25,93840563515377.0,211115911010039.5,17788767284653.5,1423075918.5,8703128192.0,1329166.2,54752.333333333336,207345.0,416548.87096774194,149115.0,0.0,61452290.0,11482.0,5440705.0
Standard Deviation,3544951.7268111263,7.15005341860387,0.0,0.0,0.0,105129126204.2501,5332594691.743613,26042844249.166843,302984705.27208215,950196943.0,958206469.6371104,9433661793.5,2220789.5,6532224.0,1751626.5112343326,77431.49237157249,24284.0,476461.1973633856,0.0,0.0,0.0,0.0,0.0
