,block,cpu,ib,ib_ext,ib_sw,intel_hsw,intel_hsw_cbo,intel_hsw_hau,intel_hsw_imc,intel_hsw_pcu,intel_hsw_qpi,intel_hsw_r2pci,intel_rapl,mem,net,nfs,numa,proc,ps,sysv_shm,tmpfs,vfs,vm
High,7425842193.0,17143.0,0.0,51359505.0,128348784.0,641780713163.0,151599543930.0,946637919683.0,20924585968.0,225048810414.0,95920880715.0,411703010731.0,44993447.0,9716460288.0,21860576.0,33116.0,7250155.0,2909288.0,2618670.0,0.0,23648279.0,25890.0,7770939427.0
Low,0.0,16791.0,0.0,51359505.0,128348784.0,9138807594.0,85721631362.0,921939587904.0,12004757374.0,89956621594.0,72809495173.0,406059496325.0,43952606.0,9675556352.0,4748.0,0.0,3913244.0,41743.0,2618670.0,0.0,23648279.0,25890.0,7770939427.0
Overall Average,3707901386.25,17111.625,0.0,51359505.0,128348784.0,388098868618.0417,112820577872.29167,934292672839.25,16452412062.125,157502716004.0,84548848690.5,408881253528.0,44473026.5,9696008320.0,4421353.4,11169.0,5581699.5,727995.2727272727,2618670.0,0.0,23648279.0,25890.0,7770939427.0
Standard Deviation,3706812214.761939,68.93040723560733,0.0,0.0,0.0,238504902015.61487,23212878919.571365,12343774940.37466,4421009371.823841,67546094410.0,11199001729.012785,2821757203.0,520420.5,20451968.0,8719675.54513941,15519.693446285164,1668455.5,620135.5908601042,0.0,0.0,0.0,0.0,0.0
