,block,cpu,ib,ib_ext,ib_sw,intel_hsw,intel_hsw_cbo,intel_hsw_hau,intel_hsw_imc,intel_hsw_pcu,intel_hsw_qpi,intel_hsw_r2pci,intel_rapl,mem,net,nfs,numa,proc,ps,sysv_shm,tmpfs,vfs,vm
High,18549712.0,85710.0,0.0,127811339.0,319125956.0,1960284818904.0,909622913494.0,4721628494935.0,122895651517.0,152103004532.0,692217296441.0,3428327596323.0,5686775720.0,12424958976.0,52961066.0,165676.0,3106498.0,1622141.0,967686.0,0.0,65751042.0,28288.0,11524180.0
Low,0.0,85680.0,0.0,127811339.0,319125956.0,1920440661852.0,680835210009.0,4589256575900.0,77006567298.0,109842202856.0,565195465302.0,3304491911206.0,4322777745.0,11168101888.0,93659.0,0.0,1960559.0,817568.0,967686.0,0.0,65751042.0,28288.0,11524180.0
Overall Average,9292502.25,85699.375,0.0,127811339.0,319125956.0,1946262228178.125,778715013231.625,4655411560072.25,99918559678.25,130972603694.0,628558099487.25,3366409753764.5,5004776732.5,11796530432.0,11450307.0,82838.0,2533528.5,952666.53125,967686.0,0.0,65751042.0,28288.0,11524180.0
Standard Deviation,6562668.162894356,8.688174434252572,0.0,0.0,0.0,9233684492.453861,83625895982.91632,66148973056.73808,22835050916.15629,21130400838.0,63130005200.06854,61917842558.5,681998987.5,628428544.0,20762826.732397005,82838.0,572969.5,202158.1131577435,0.0,0.0,0.0,0.0,0.0
