,block,cpu,ib,ib_ext,ib_sw,intel_hsw,intel_hsw_cbo,intel_hsw_hau,intel_hsw_imc,intel_hsw_pcu,intel_hsw_qpi,intel_hsw_r2pci,intel_rapl,mem,net,nfs,numa,proc,ps,sysv_shm,tmpfs,vfs,vm
High,1127792.0,17145.0,0.0,28672620.0,71645372.0,231914680952.0,79335110550.0,401684049978.0,20794609940.0,1586608742.0,55980799207.0,345465085860.0,1378575328.0,9376291840.0,8432255.0,749.0,86280.0,4951162.0,17612604.0,0.0,0.0,27999.0,677174.0
Low,0.0,16849.0,0.0,28672620.0,71645372.0,125482673973.0,59164859922.0,394288390182.0,17433330098.0,96615617.0,47599196372.0,319517981477.0,36477087.0,8957973760.0,82860.0,0.0,34357.0,37359.0,17612604.0,0.0,0.0,27999.0,677174.0
Overall Average,578264.0,17075.791666666668,0.0,28672620.0,71645372.0,191382464897.33334,67843144898.875,397970611497.0,19112740352.75,841612179.5,51755854782.75,332491533668.5,707526207.5,9167132800.0,2530128.6,249.83333333333334,60318.5,581045.4126984127,17612604.0,0.0,0.0,27999.0,677174.0
Standard Deviation,413695.78742114356,87.45188161053039,0.0,0.0,0.0,29741411701.10086,5431819793.955244,3682080677.195208,1643050798.9363003,744996562.5,4149528145.2016764,12973552191.5,671049120.5,209159040.0,3250822.859326826,352.9643120140555,25961.5,1154252.568169613,0.0,0.0,0.0,0.0,0.0
