,block,cpu,ib,ib_ext,ib_sw,intel_hsw,intel_hsw_cbo,intel_hsw_hau,intel_hsw_imc,intel_hsw_pcu,intel_hsw_qpi,intel_hsw_r2pci,intel_rapl,mem,net,nfs,numa,proc,ps,sysv_shm,tmpfs,vfs,vm
High,199203293.0,25714.0,0.0,6255781.0,15614640.0,796295134115.0,583384504510.0,1499099682578.0,92692489032.0,13479874677.0,189501977439.0,877302663677.0,2779921313.0,9580371968.0,2519474.0,35884.0,8657935.0,1540734.0,586683.0,0.0,0.0,57782.0,214557479.0
Low,0.0,25677.0,0.0,6255781.0,15614640.0,18114974651.0,420623223589.0,1360834369706.0,5253868041.0,12463589086.0,98873446829.0,740942740573.0,68275844.0,9100318208.0,112.0,0.0,2946034.0,52619.0,586683.0,0.0,0.0,57782.0,214557479.0
Overall Average,100528207.75,25708.791666666668,0.0,6255781.0,15614640.0,695938658462.2916,504387857958.2083,1429964779207.25,48969410807.0,12971731881.5,144195587840.5,809122702125.0,1424098578.5,9340345088.0,574052.6,7531.5,5801984.5,607895.4333333333,586683.0,0.0,0.0,57782.0,214557479.0
Standard Deviation,97914397.12268293,9.19682538826427,0.0,0.0,0.0,207630680061.51328,57063793005.608986,69129925610.70732,43692075695.5069,508142795.5,45283486273.656204,68179961552.0,1355822734.5,240026880.0,974912.8571727014,12953.852422477776,2855950.5,558341.542856084,0.0,0.0,0.0,0.0,0.0
