,block,cpu,ib,ib_ext,ib_sw,intel_hsw,intel_hsw_cbo,intel_hsw_hau,intel_hsw_imc,intel_hsw_pcu,intel_hsw_qpi,intel_hsw_r2pci,intel_rapl,mem,net,nfs,numa,proc,ps,sysv_shm,tmpfs,vfs,vm
High,54044601.0,749193.0,0.0,50256958.0,125292555.0,298455915917736.0,282013840273341.0,305273041892696.0,225181179869517.0,94051581936208.0,211112396186226.0,20135621005853.0,30120568078.0,8643790848.0,19179322.0,1645009.0,1698408.0,1567781.0,2448732.0,0.0,35401730.0,14156.0,30100027.0
Low,0.0,748952.0,0.0,50256958.0,125292555.0,281488127479586.0,281478521870173.0,305271640179629.0,225180403480140.0,94048110745201.0,211109102810549.0,17674217901265.0,30053138617.0,8627706624.0,172952.0,76.0,1612657.0,455644.0,2448732.0,0.0,35401730.0,14156.0,30100027.0
Overall Average,27038400.0,749138.25,0.0,50256958.0,125292555.0,291993769864044.0,281731715735168.4,305272325382262.5,225180784949817.12,94049846340704.5,211110914980556.75,18904919453559.0,30086853347.5,8635748736.0,6959318.2,734375.75,1655532.5,711190.7916666666,2448732.0,0.0,35401730.0,14156.0,30100027.0
Standard Deviation,19195202.52228839,80.0381419491149,0.0,0.0,0.0,7488407599394.862,252286764329.8563,685352212.1020011,372018001.94861645,1735595503.5,1354913256.0865545,1230701552294.0,33714730.5,8042112.0,6926518.091673432,588216.7522407769,42875.5,362573.14890434855,0.0,0.0,0.0,0.0,0.0
