,Block device statistics (per device),Scheduler accounting (per CPU),Infiniband usage (default),Infiniband usage (ext),InfiniBand usage (sw),Intel Haswell Processor (HSW) (per core),Caching Agent (CBo) for SNB (HSW) (per socket),Home Agent Unit for SNB (HSW) (per socket),Integrated Memory Controller for SNB (HSW) (per socket),Power Control Unit for SNB (HSW) (per socket),QPI Link Layer for SNB (HSW) (per socket),Ring to PCIe Agent for SNB (HSW) (per socket),Lustre filesystem usage (per mount),Lustre network usage (lnet),Lustre network usage (mdc),Memory usage (per socket),Network device usage (per device),NFS system usage,NUMA statistics (per socket),Lustre filesystem usage (osc),"Process specific data (MaxRSS, executable name etc.)",Process statistics,SysV shared memory segment usage,Ram-backed filesystem usage (per mount),Dentry/file/inode cache usage,Virtual memory statistics
High,154538426.182,2468752.714,0.0,33905820372125.0,70144810449700.0,191840846502692.72,12303451226330.75,117972844779395.75,37873901809831.2,26810014214133.5,4883032642533.5,42994325869752.0,2.485,95382239.333,387054.0,8679040000.0,43780796.391,1.5223041225876815e+18,6907460.0,310199.7,8.60848056773224e+18,7614716.143,0.0,65751042.5,32694.667,86700955.667
Low,0.0,0.0,0.0,0.1,0.0,0.0,0.0,0.0,0.0,0.0,0.0,0.0,0.0,0.0,0.0,8578860800.0,0.0,0.0,0.0,0.0,34050.533,271.857,0.0,1.0,22968.667,0.0
Overall Average,40442912.448609486,1233989.063296839,0.0,16760630913049.896,34897935401080.008,94279960624809.7,5563602033544.188,56174707868719.734,18826157603929.902,11187085338921.846,2356733313936.5225,20771264974240.344,1.2382155172413793,47680494.132234484,166468.23241379313,8669818231.172413,7429641.114640689,2.5196757891106448e+17,2627311.1603448275,152286.94499999998,4947402626093642.0,3824942.6512310347,0.0,65297587.04137931,31676.740303448278,45274558.598017246
Standard Deviation,38031847.09359331,715191.8320413933,0.0,9852290930512.656,20343805678206.94,54549261306982.51,3242222326627.5513,32714980523090.098,10920352100134.47,6938482647769.757,1389317280672.5298,12145524110914.283,1.2424926129388016,27632049.584543616,101369.9654282939,7805132.071841007,10067040.738674453,5.6575933338518336e+17,1838838.121643234,90775.3743018488,2.0631321471603382e+17,2185552.8593320698,0.0,5441465.503448276,2493.988517739562,22603468.7949148
