,Block device statistics (per device),Scheduler accounting (per CPU),Infiniband usage (default),Infiniband usage (ext),InfiniBand usage (sw),Intel Haswell Processor (HSW) (per core),Caching Agent (CBo) for SNB (HSW) (per socket),Home Agent Unit for SNB (HSW) (per socket),Integrated Memory Controller for SNB (HSW) (per socket),Power Control Unit for SNB (HSW) (per socket),QPI Link Layer for SNB (HSW) (per socket),Ring to PCIe Agent for SNB (HSW) (per socket),Running average power limit,Memory usage (per socket),Network device usage (per device),NFS system usage,NUMA statistics (per socket),"Process specific data (MaxRSS, executable name etc.)",Process statistics,SysV shared memory segment usage,Ram-backed filesystem usage (per mount),Dentry/file/inode cache usage,Virtual memory statistics
High,11336000.182,94015.143,0.0,414979063.5,1037090381.5,787376448894.455,7479173782.25,3292019936265.25,212557027.2,2258821945243.834,673327803.25,70728442797.0,1459976356.0,8759981568.0,175512211.565,257011.034,582509.667,1401159.533,335139.714,0.0,5.0,10873.0,7220505.714
Low,0.0,0.0,0.0,0.1,0.0,0.0,0.0,0.0,0.0,0.0,0.0,0.0,0.0,8574701312.0,0.0,0.0,0.0,1121277.267,180.714,0.0,5.0,8703.0,0.0
Overall Average,4331041.749979167,47109.97222222222,0.0,212330711.16666666,530641323.6041667,162532109223.58777,3179243654.0729165,1561877900984.8906,95248015.54791667,1136248003317.0764,328585670.6770833,35983536676.46875,673781802.125,8715942410.666666,18670176.50361667,117805.28291666666,296148.01395833335,1267812.1459940476,185371.607,0.0,5.0,10581.1945,5201927.305583333
Standard Deviation,3494629.9871820197,29545.74577522405,0.0,132095803.64863369,330128145.5872779,161924481876.27734,1751014092.8111417,1031506043175.25,59837701.3391113,699849206485.5627,190890559.0440031,22370484546.060783,684386524.4728321,56852421.21584276,43471272.56888998,127275.4860261633,145526.2832760482,48913.00912912442,97758.65552661849,0.0,0.0,625.1743130129788,1754680.0289612485
